QId,QUserId,QTags,QTime,QAcceptedAnswerId,QScore,QViewCount,QAnswerCount,QCommentCount
1,8,<currency><value><inflation><deflation>,2014-11-18 20:59:30.327,,2,452,5,9
4,20,<currency><purchasing-power-partity><exchange-rates>,2014-11-18 21:24:09.537,31953,15,18460,3,0
6,24,<black-scholes-model><interdisciplinary><mathematical-economics>,2014-11-18 21:26:51.393,,5,191,1,10
7,31,<macroeconomics><fiscal-policy><monetary-policy><teaching>,2014-11-18 21:35:22.903,,13,4300,4,0
8,31,<macroeconomics><inequality><education-economics>,2014-11-18 21:39:04.550,,26,462,1,3
9,14,<soft-question><externalities>,2014-11-18 21:48:22.947,165,13,1565,2,5
11,39,<linear-programming><profit-maximization><effective-price><optimization>,2014-11-18 22:02:40.043,,13,1765,1,1
17,28,<econometrics><elasticity><wages>,2014-11-18 22:27:59.577,29,13,3596,5,10
18,40,<industrial-organisation><game-theory>,2014-11-18 22:35:02.863,24,11,633,3,1
19,31,<econometrics><rims-ii>,2014-11-18 22:46:25.890,30,4,99,1,1
20,31,<econometrics><rims-ii>,2014-11-18 23:04:06.693,,6,132,1,2
23,43,<macroeconomics><taxation><welfare-economics><steady-state>,2014-11-18 23:24:41.923,28,10,225,2,0
31,69,<optimization><industrial-organisation>,2014-11-19 00:26:53.337,,7,114,2,4
35,84,<macroeconomics><microeconomics><mathematical-economics><soft-question>,2014-11-19 01:40:21.570,49,67,19879,13,5
42,70,<interdisciplinary>,2014-11-19 03:55:45.893,,5,83,2,1
45,96,<macroeconomics><consumption>,2014-11-19 04:15:24.077,,8,3508,5,2
46,70,<fiscal-policy><debt><government><public-economics>,2014-11-19 04:21:03.697,71,30,2174,6,2
47,59,<macroeconomics><public-economics><labor-economics>,2014-11-19 04:27:47.397,,17,1679,5,2
48,89,<mathematical-economics>,2014-11-19 04:28:15.603,,12,9247,4,11
50,31,<elasticity>,2014-11-19 04:41:34.263,63,15,2314,2,1
53,31,<mathematical-economics><simulations><algorithms>,2014-11-19 04:56:01.427,,5,80,0,4
56,31,<game-theory><behavioral-economics>,2014-11-19 05:27:35.487,,7,120,1,4
60,9,<macroeconomics>,2014-11-19 08:29:43.570,,1,81,0,4
61,85,<economic-failure>,2014-11-19 08:32:44.620,,-4,118,1,11
62,70,<economic-failure>,2014-11-19 09:32:36.660,,8,1605,5,5
65,,<game-theory><microeconomics>,2014-11-19 09:55:44.813,,15,1133,3,3
68,108,<finance><theory><asset-prices><information>,2014-11-19 10:35:04.843,90,9,567,3,3
73,41,<game-theory><cooperative-game-theory>,2014-11-19 12:24:47.200,,6,157,2,4
74,41,<game-theory><contract-theory>,2014-11-19 12:30:13.157,,1,84,1,1
75,41,<microeconomics>,2014-11-19 12:34:35.120,,23,78445,4,1
80,123,<currency><inflation><economic-growth><balance-of-trade>,2014-11-19 13:38:13.590,85,3,174,2,1
88,27,<labor-economics><marxism>,2014-11-19 14:47:09.420,,22,4965,6,1
89,43,<macroeconomics><labor-economics><frisch-elasticity>,2014-11-19 14:53:57.180,1575,6,371,2,0
93,38,<surplus><welfare>,2014-11-19 15:14:27.340,,6,204,1,3
95,38,<expected-utility><decision-theory><uncertainty>,2014-11-19 15:24:26.890,,17,593,6,0
97,43,<mathematical-economics><simulations><computation>,2014-11-19 15:34:50.023,1612,7,773,4,4
101,43,<macroeconomics><consumption>,2014-11-19 16:58:46.877,160,4,105,1,0
106,141,<financial><regulation><banking>,2014-11-19 17:17:46.797,108,2,290,2,2
107,59,<finance><asset-pricing>,2014-11-19 17:31:28.257,144,9,693,2,2
109,31,<interdisciplinary><markov-chain>,2014-11-19 18:15:29.923,,1,46,0,1
110,81,<soft-question><reference-request>,2014-11-19 18:22:14.193,,6,1684,5,13
119,59,<finance><asset-pricing>,2014-11-19 21:24:34.243,,2,119,1,0
124,38,<randomized-experiment><treatment-effect><selection-bias>,2014-11-19 22:00:46.377,139,11,293,3,0
125,41,<microeconomics><efficient-markets>,2014-11-19 22:08:50.073,,10,1385,5,3
126,44,<externalities><pigouvian-taxes><long-run><environmental-economics><oligopoly>,2014-11-19 22:11:35.587,,8,318,1,4
128,44,<externalities><pigouvian-taxes><asset-pricing><coasian-bargaining><environmental-economics>,2014-11-19 22:22:39.377,,6,97,1,2
131,29,<microeconomics><consumer-theory><elasticity><supply-and-demand>,2014-11-19 22:55:47.790,,23,1947,4,4
132,127,<microeconomics><behavioral-economics><theory><decision-theory><bounded-rationality>,2014-11-19 22:55:57.337,147,11,358,3,3
134,59,<decision-theory><uncertainty><expected-utility>,2014-11-19 23:07:17.180,,10,675,2,2
137,153,<fiscal-policy><debt><government>,2014-11-20 00:08:56.710,,7,82,1,0
140,27,<history><development>,2014-11-20 02:57:59.283,175,14,5235,5,9
142,95,<decision-theory><uncertainty><long-run><development>,2014-11-20 03:33:54.687,5671,6,672,1,2
145,14,<game-theory>,2014-11-20 04:52:30.680,202,12,619,1,0
150,,<microeconomics><reference-request><expected-utility><dynamic-programming>,2014-11-20 07:25:36.610,152,6,280,1,0
157,158,<behavioral-economics>,2014-11-20 14:10:07.873,,2,43,1,4
166,31,<macroeconomics><monetary-policy><cryptocurrency><inflation><price-level>,2014-11-20 16:23:29.537,168,27,2582,4,1
169,72,<microeconomics><education-economics>,2014-11-20 17:29:17.560,185,5,67,2,0
170,20,<behavioral-economics><efficient-markets>,2014-11-20 17:35:23.277,186,4,363,3,4
173,38,<soft-question><history-economic-thought>,2014-11-20 18:42:27.837,,13,311,5,3
178,59,<econometrics><identification><nonparametrics><structural-estimation><reduced-form-estimation>,2014-11-20 20:38:31.383,,3,102,0,2
179,59,<econometrics><inequality><data-request>,2014-11-20 20:49:31.847,,13,5141,2,5
180,59,<econometrics><structural-estimation><reduced-form-estimation>,2014-11-20 20:56:40.373,187,40,24303,1,3
181,31,<macroeconomics><monetary-policy><cryptocurrency><friedman>,2014-11-20 20:59:36.327,,-4,342,1,5
182,69,<academic-graduate><elasticity><reference-request><consumer-credit>,2014-11-20 22:04:24.633,,12,737,1,2
184,58,<macroeconomics>,2014-11-20 23:18:35.437,192,6,556,2,0
188,61,<economic-growth><optimal-control><dynamic-programming>,2014-11-21 00:24:48.897,1678,18,616,3,8
193,108,<macroeconomics><keynes>,2014-11-21 08:52:00.690,196,21,1488,3,1
194,119,<federal-reserve><central-banking>,2014-11-21 10:17:12.953,1613,14,970,2,2
197,119,<money-supply><currency-peg>,2014-11-21 11:23:42.170,198,4,92,1,0
200,120,<game-theory><reference-request><networks>,2014-11-21 13:02:00.767,4865,11,228,1,5
201,72,<microeconomics><game-theory><industrial-organisation>,2014-11-21 13:50:20.787,,5,242,3,3
207,86,<macroeconomics><dsge>,2014-11-21 15:26:56.727,576,3,1153,1,0
208,86,<macroeconomics><labor-economics>,2014-11-21 15:31:39.307,216,8,176,2,2
209,86,<international-economics><open-economy-macro>,2014-11-21 15:39:33.813,,11,665,2,1
210,86,<microeconomics><mathematical-economics>,2014-11-21 15:55:35.530,220,12,918,3,1
212,27,<mathematical-economics><markets>,2014-11-21 19:43:04.157,,4,731,2,1
218,86,<asset-pricing><open-economy-macro><financial-economics>,2014-11-22 03:19:52.983,,6,103,1,0
219,86,<game-theory>,2014-11-22 03:30:46.673,222,12,871,4,1
224,41,<game-theory>,2014-11-22 14:49:06.147,,10,454,1,0
225,41,<game-theory><signaling>,2014-11-22 14:53:05.240,227,27,8591,3,0
226,204,<macroeconomics><fiscal-policy>,2014-11-22 16:00:18.043,,5,73,1,1
232,41,<game-theory>,2014-11-22 20:37:43.990,239,13,1538,5,1
233,127,<microeconomics><behavioral-economics><bounded-rationality>,2014-11-22 21:00:36.800,8372,5,171,2,7
236,29,<economic-methodology>,2014-11-22 21:26:42.430,,6,321,3,4
240,59,<behavioral-economics><finance><uncertainty><asset-pricing><risk>,2014-11-22 22:50:21.310,244,8,760,2,1
241,59,<labor-economics><industrial-organisation><welfare-economics>,2014-11-22 23:00:27.823,,11,1866,3,6
245,14,<information><monopoly><asymmetric-information>,2014-11-23 01:42:45.343,,5,680,4,0
251,86,<microeconomics><industrial-organisation>,2014-11-23 05:06:00.290,255,10,281,1,0
253,214,<macroeconomics><banking><federal-reserve><money-supply>,2014-11-23 06:51:28.520,,0,308,1,1
256,44,<externalities><pigouvian-taxes><empirical-evidence><environmental-economics>,2014-11-23 10:24:13.390,,5,59,0,1
258,,<microeconomics><mathematical-economics><decision-theory><bounded-rationality><welfare-economics>,2014-11-23 13:31:17.207,297,16,3643,5,5
262,31,<utility><theory>,2014-11-23 19:15:33.547,,14,810,5,7
266,43,<macroeconomics><business-cycles><economic-growth>,2014-11-23 21:44:31.407,279,10,171,2,2
267,43,<macroeconomics><business-cycles><credit-friction>,2014-11-23 21:48:21.457,,8,192,1,0
268,31,<mathematical-economics><utility><theory>,2014-11-23 21:50:37.277,,2,98,2,0
276,40,<monopoly><price-discrimination><consumer-surplus>,2014-11-23 23:48:02.263,291,11,501,3,0
280,211,<welfare-economics>,2014-11-24 01:44:31.870,,-1,1244,1,8
281,86,<microeconomics><industrial-organisation>,2014-11-24 03:10:38.273,,5,565,2,0
283,31,<international-trade><data-request>,2014-11-24 03:17:03.840,,3,72,3,1
290,127,<microeconomics><behavioral-economics><bounded-rationality>,2014-11-24 06:13:46.597,,4,178,1,5
292,107,<econometrics><financial-economics>,2014-11-24 08:46:14.110,306,7,210,2,0
294,14,<theory><poverty>,2014-11-24 11:44:31.877,,11,279,3,4
299,59,<microeconomics><decision-theory><expected-utility><preferences>,2014-11-24 16:41:08.430,,7,186,4,0
301,43,<microeconomics><efficient-markets><effective-price>,2014-11-24 18:14:25.330,302,4,1535,1,0
305,109,<firm><productivity><ranking>,2014-11-24 21:05:47.167,312,6,124,1,9
307,84,<macroeconomics><regulation><banking>,2014-11-24 23:35:37.133,,9,206,1,1
308,59,<decision-theory><risk><preferences>,2014-11-25 01:30:59.067,311,16,4345,2,4
313,182,<stock-market>,2014-11-25 13:09:36.503,316,5,1173,1,1
315,18,<poverty><economic-measurement>,2014-11-25 14:06:10.463,,12,812,2,4
318,27,<fiscal-policy><monetary-policy><federal-reserve><national-bank>,2014-11-25 16:26:44.007,323,1,4087,1,3
321,43,<macroeconomics><labor-economics>,2014-11-25 19:25:51.860,,5,157,1,0
325,59,<macroeconomics><public-economics><history><taxation>,2014-11-26 02:03:24.287,,18,793,2,3
326,14,<game-theory><signaling>,2014-11-26 02:21:40.833,,10,251,2,7
327,59,<macroeconomics><preferences>,2014-11-26 02:24:26.727,,12,1619,2,0
332,29,<mathematical-economics><econometrics><financial-crises><economic-terms>,2014-11-26 06:35:16.073,,6,161,2,4
333,103,<perfect-complements><pure-exchange-economy>,2014-11-26 14:28:19.067,334,6,1204,1,0
336,20,<macroeconomics><monetary-policy><inflation>,2014-11-26 17:17:22.430,340,5,411,4,8
339,20,<inflation><money-supply><friedman>,2014-11-26 19:37:14.243,343,8,604,3,3
342,41,<game-theory><social-welfare>,2014-11-27 00:51:56.677,346,6,207,1,2
344,243,<econometrics><scientific-method>,2014-11-27 03:43:32.907,,10,846,5,14
348,27,<gdp>,2014-11-27 18:21:33.437,349,10,5662,2,3
351,201,<inflation><basic-income>,2014-11-27 23:42:37.443,,7,152,3,0
356,251,<microeconomics>,2014-11-28 15:58:41.510,,0,138,2,0
358,27,<commodities><price-level><oil><resource-economics>,2014-11-28 18:58:54.243,400,7,701,3,6
361,227,<mathematical-economics><production-function><cobb-douglas><leontief>,2014-11-28 22:23:06.633,399,22,29335,2,12
363,41,<microeconomics>,2014-11-29 11:29:54.093,365,8,1260,2,1
364,119,<inflation><taxation>,2014-11-29 11:59:06.987,,4,60,1,0
368,,<game-theory><reference-request>,2014-11-30 05:01:12.707,,8,829,2,0
370,108,<microeconomics><mathematical-economics><theory><consumer-theory><utility>,2014-11-30 08:58:56.687,376,9,999,2,1
373,14,<mathematical-economics>,2014-11-30 15:46:58.433,,8,443,2,7
379,246,<microeconomics>,2014-11-30 23:00:55.787,,1,473,2,0
380,14,<game-theory><signaling>,2014-11-30 23:06:06.803,,12,367,0,7
382,162,<banking><economic-growth>,2014-12-01 03:46:28.813,,7,103,1,2
383,41,<macroeconomics><gdp>,2014-12-01 12:05:01.823,385,3,9887,1,0
396,271,<utility>,2014-12-01 21:29:01.293,,6,893,2,0
402,284,<industrial-organisation>,2014-12-02 10:25:43.460,,16,247,1,0
404,289,<industrial-organisation>,2014-12-02 14:46:44.347,406,-7,14061,1,3
407,27,<international-trade>,2014-12-02 21:11:43.733,418,5,1391,1,0
411,59,<welfare-economics><public-economics><taxation><social-welfare>,2014-12-03 01:41:16.680,,6,90,1,0
412,238,<industrial-organisation><structural-estimation><identification><dynamic-games>,2014-12-03 03:57:01.627,,8,250,1,1
416,305,<macroeconomics><inflation><currency><russia>,2014-12-03 12:05:51.997,530,9,513,3,4
417,307,<microeconomics>,2014-12-03 12:46:33.997,,6,2097,1,0
419,309,<software>,2014-12-03 14:00:51.487,421,9,570,5,5
420,127,<microeconomics><decision-theory>,2014-12-03 14:25:30.810,527,7,1134,1,8
424,41,<microeconomics><networks>,2014-12-03 17:29:15.497,,7,117,3,1
427,59,<decision-theory><preferences>,2014-12-03 19:45:56.187,,6,176,1,4
428,59,<reference-request><finance><liquidity><definition>,2014-12-03 19:50:41.267,1581,7,352,2,1
429,27,<macroeconomics><minimum-wage>,2014-12-03 22:22:33.117,,37,7141,11,10
436,40,<macroeconomics>,2014-12-04 01:52:28.813,479,2,231,1,0
437,40,<international-trade><data-request>,2014-12-04 02:10:53.620,453,3,99,1,6
438,59,<labor-economics><reference-request><minimum-wage><general-equilibrium>,2014-12-04 02:48:27.880,,5,183,2,3
444,324,<monetary-policy><money-supply><banking>,2014-12-04 11:10:14.327,,15,1774,5,7
446,108,<microeconomics><monopoly><consumer-surplus><supply-and-demand><producer-surplus>,2014-12-04 13:36:33.230,448,4,101,1,0
449,123,<macroeconomics><inflation><monetary-policy><central-banking>,2014-12-04 17:45:40.213,,2,110,1,4
451,58,<monetary-policy><money-supply>,2014-12-04 18:51:32.480,,6,193,2,0
452,43,<data-request><directed-technical-change><human-capital>,2014-12-04 19:08:16.870,,3,52,1,1
454,43,<macroeconomics><labor-economics><reference-request>,2014-12-04 19:16:03.333,456,6,74,1,4
455,332,<economic-growth>,2014-12-04 19:25:28.830,4979,11,416,1,3
457,332,<economic-growth>,2014-12-04 19:31:35.343,473,8,423,1,4
458,332,<economic-terms>,2014-12-04 19:44:14.110,1745,9,131,2,3
459,42,<game-theory>,2014-12-04 20:03:20.657,3198,5,236,1,2
460,332,<economic-growth>,2014-12-04 21:05:22.970,464,10,3559,4,1
462,31,<mathematical-economics>,2014-12-04 21:22:11.543,,4,415,1,3
466,42,<decision-theory><risk>,2014-12-04 22:30:04.607,468,3,3902,1,0
467,56,<supply-and-demand>,2014-12-04 22:30:43.493,469,3,1208,3,2
471,43,<macroeconomics><labor-economics><reference-request>,2014-12-05 02:24:23.183,,7,1103,6,1
474,42,<decision-theory><risk>,2014-12-05 06:54:40.493,478,5,161,1,0
481,353,<behavioral-economics>,2014-12-05 16:51:28.703,,6,478,4,0
482,27,<supply-and-demand><price-level>,2014-12-05 17:48:52.307,,2,2163,3,2
485,59,<econometrics><finance><financial-economics><applied-econometrics>,2014-12-05 20:04:44.483,558,5,743,2,2
486,42,<decision-theory><expected-utility>,2014-12-05 20:04:52.757,488,8,543,1,2
489,59,<microeconomics><decision-theory><expected-utility>,2014-12-05 20:37:30.717,,3,168,1,0
490,43,<mathematical-economics><financial-economics>,2014-12-05 21:00:50.383,577,5,161,1,4
495,358,<econometrics><reference-request>,2014-12-05 22:21:55.813,496,9,2388,4,4
502,31,<reference-request><data-request>,2014-12-06 03:01:58.280,,32,985,9,3
505,79,<gdp>,2014-12-06 07:06:38.733,512,8,1498,3,7
511,72,<mathematical-economics>,2014-12-06 15:44:44.073,513,14,1663,4,3
517,366,<macroeconomics><economic-growth><production-function><productivity>,2014-12-06 22:56:57.837,,3,228,3,4
523,348,<mathematical-economics><game-theory><general-equilibrium>,2014-12-07 13:32:52.710,,2,84,1,0
526,301,<reference-request><self-study><schools-of-thought>,2014-12-07 16:58:59.477,,6,983,3,5
528,96,<taxation><government><saving><investment>,2014-12-07 20:47:40.997,,3,129,1,8
531,380,<markets>,2014-12-08 03:14:26.077,20143,4,59,1,2
532,348,<game-theory><reference-request><definition>,2014-12-08 13:14:51.907,,5,81,1,9
535,244,<macroeconomics><inflation><monetary-policy><gdp>,2014-12-08 15:54:34.510,,7,229,1,7
536,385,<game-theory><reference-request>,2014-12-08 16:01:13.940,563,2,67,1,0
537,386,<monopoly>,2014-12-08 16:36:44.783,,4,3070,3,1
538,385,<reference-request><preferences><political-economy><social-choice>,2014-12-08 19:02:55.897,541,10,202,2,6
545,38,<microeconomics><elasticity>,2014-12-09 16:03:48.413,547,9,2649,3,0
551,95,<microeconomics><monetary-policy><money-supply><supply-and-demand><currency>,2014-12-09 21:23:59.927,554,8,5999,2,1
553,223,<algorithms><financial-markets>,2014-12-09 22:33:19.837,4860,6,45,1,3
555,396,<microeconomics>,2014-12-09 23:42:59.677,557,2,17411,3,2
560,59,<theory><finance><asset-pricing><financial-economics><risk>,2014-12-10 03:17:46.330,,3,153,2,0
567,,<taxation>,2014-12-10 15:39:43.213,,-1,26,1,0
569,393,<macroeconomics><mathematical-economics><money-supply>,2014-12-10 18:12:12.927,574,10,924,3,2
570,402,<government><central-banking>,2014-12-10 18:37:40.193,,2,244,1,8
1580,1407,<fiscal-policy><public-economics><banking>,2014-12-11 17:00:22.713,1590,9,120,2,2
1583,1410,<macroeconomics><asset-pricing>,2014-12-12 01:20:59.693,,10,4646,3,3
1586,59,<macroeconomics><finance><asset-pricing><empirical-methods>,2014-12-12 07:10:05.203,,2,57,0,0
1587,1414,<federal-reserve><debt>,2014-12-12 09:57:35.963,,-1,235,1,2
1591,1418,<macroeconomics><banking>,2014-12-12 18:14:38.153,11905,9,130,1,0
1593,1424,<econometrics><markets><effective-price>,2014-12-13 05:50:26.507,1596,11,385,3,2
1595,1425,<exchange-rates><ode>,2014-12-13 13:50:17.247,1609,3,3799,1,6
1599,1428,<financial-markets>,2014-12-14 00:30:15.270,,1,43,1,0
1601,1429,<macroeconomics><utility><risk-aversion>,2014-12-14 10:03:08.763,1602,6,3017,2,4
1603,1425,<international-economics>,2014-12-14 13:47:12.023,5115,6,843,1,0
1607,43,<microeconomics><taxation><pareto-efficiency>,2014-12-14 15:58:49.023,1610,7,326,2,0
1614,18,<international-economics>,2014-12-14 20:55:10.480,1649,6,5835,2,6
1616,47,<macroeconomics><mathematical-economics><continuous-time><complete-markets>,2014-12-14 22:58:04.613,1651,16,862,3,1
1618,1442,<mathematical-economics><game-theory>,2014-12-15 01:04:46.250,3150,8,207,1,1
1620,43,<macroeconomics><taxation>,2014-12-15 02:00:23.037,,10,350,1,0
1621,27,<game-theory><empirical-evidence><nash-equilibrium>,2014-12-15 02:38:12.183,1624,20,2119,4,10
1625,1445,<macroeconomics><commodities><price-level><oil>,2014-12-15 14:24:15.920,1626,8,610,2,2
1628,1435,<theory><general-equilibrium><dsge>,2014-12-15 16:57:39.790,,6,143,1,1
1629,1447,<macroeconomics><markets><international-trade><financial-markets><production-function>,2014-12-15 17:31:07.757,,3,144,0,8
1630,337,<microeconomics><supply-and-demand>,2014-12-15 18:27:54.057,,1,335,1,5
1631,27,<supply-and-demand><price-level>,2014-12-15 20:15:25.677,,0,184,1,13
1632,1448,<microeconomics><supply-and-demand><usa><energy-economics><commodities>,2014-12-15 20:23:34.000,1637,5,288,1,4
1636,1452,<econometrics>,2014-12-16 06:53:26.910,6757,2,111,1,3
1638,38,<algorithms><mechanism-design>,2014-12-16 17:14:00.020,1671,14,2401,2,4
1639,1455,<interest-rate><currency><international-economics><government><foreign-exchange>,2014-12-16 18:15:03.527,1641,5,183,2,6
1642,1456,<industrial-organisation><producer-theory>,2014-12-16 19:10:08.523,1643,2,185,1,3
1644,1458,<macroeconomics>,2014-12-16 23:30:50.717,,9,1249,3,0
1650,1459,<currency><usa>,2014-12-17 05:55:43.783,,2,52,1,0
1652,1432,<macroeconomics><investment>,2014-12-17 11:27:49.973,,11,469,2,5
1655,1463,<macroeconomics>,2014-12-17 15:40:56.063,,2,88,1,1
1658,1464,<macroeconomics>,2014-12-17 17:04:29.783,,9,1398,1,0
1659,69,<data-request><history><housing>,2014-12-17 19:54:20.333,1660,8,407,2,1
1665,1468,<macroeconomics>,2014-12-18 00:24:16.403,,2,68,1,0
1672,43,<macroeconomics><labor-economics>,2014-12-18 13:35:14.267,,2,62,1,4
1673,1472,<macroeconomics>,2014-12-18 14:41:55.897,,3,2700,2,0
1676,1473,<microeconomics><utility><consumer-theory>,2014-12-18 19:26:25.297,,10,566,1,0
1681,1477,<game-theory>,2014-12-19 07:05:58.850,,1,324,0,3
1682,,<exchange-rates>,2014-12-19 10:39:11.793,,1,111,1,0
1684,1482,<computation>,2014-12-19 15:25:02.147,,6,229,3,0
1686,43,<labor-economics><wages>,2014-12-19 15:51:27.690,,2,26,1,0
1688,1484,<behavioral-economics><markets><scientific-method><history-economic-thought>,2014-12-19 18:31:29.780,,-3,89,1,3
1690,95,<econometrics><reference-request>,2014-12-19 19:45:03.607,1691,6,886,1,6
1693,1482,<elasticity><applied-econometrics>,2014-12-19 21:39:41.803,,4,83,1,2
1696,1485,<macroeconomics><microeconomics><wages>,2014-12-19 23:22:10.693,,5,1856,1,0
1701,31,<macroeconomics><econometrics>,2014-12-20 02:07:54.970,,11,281,1,8
1702,31,<macroeconomics>,2014-12-20 03:56:10.527,,7,281,2,7
1703,1488,<macroeconomics><mathematical-economics>,2014-12-20 05:15:59.917,,3,439,3,0
1704,31,<international-economics><exchange-rates>,2014-12-20 05:29:24.810,,1,60,1,3
1707,284,<microeconomics><industrial-organisation>,2014-12-20 12:30:07.837,,4,38,0,0
1710,1491,<microeconomics><consumer-theory><utility>,2014-12-20 15:30:21.990,,14,11626,2,0
1713,43,<data-request><firm><micro-data>,2014-12-20 23:42:47.837,,4,72,1,2
1714,27,<international-trade><free-trade>,2014-12-21 00:27:40.837,1721,14,631,1,3
1715,27,<international-trade><free-trade>,2014-12-21 00:50:02.857,1801,3,1765,1,2
1716,1494,<currency><debt><euro-area>,2014-12-21 01:04:51.783,,16,485,1,0
1723,1500,<macroeconomics><econometrics><time-series>,2014-12-21 13:59:26.517,,3,190,1,0
1726,1501,<supply-and-demand><price-level><elasticity>,2014-12-21 18:21:02.130,1728,5,1084,3,5
1729,27,<finance><financial-economics><financial-markets><financial-crises>,2014-12-21 23:18:22.557,,6,167,2,0
1732,1417,<environmental-economics>,2014-12-22 12:04:01.820,1734,6,334,2,0
1735,1509,<macroeconomics><new-keynesian-economics>,2014-12-22 16:44:55.443,,2,286,2,0
1736,1500,<macroeconomics>,2014-12-22 17:38:25.513,,1,61,1,1
1737,31,<microeconomics><reference-request><academic-graduate><industrial-organisation>,2014-12-22 17:52:56.933,,6,220,0,2
1744,1516,<macroeconomics><finance><interest-rate><australia>,2014-12-23 08:06:58.050,,2,123,1,1
1748,89,<macroeconomics>,2014-12-24 06:47:17.500,,6,87,2,1
1750,1529,<macroeconomics>,2014-12-24 11:26:43.670,1751,7,2354,2,7
1752,,<monetary-policy>,2014-12-21 19:49:02.290,,8,138,2,2
1753,337,<macroeconomics><reference-request>,2014-12-24 18:15:29.267,,13,2903,7,1
1754,1528,<microeconomics>,2014-12-24 19:32:10.750,,5,481,1,4
1758,1516,<macroeconomics>,2014-12-25 01:40:23.217,1773,6,5391,4,2
1759,1533,<political-economy>,2014-12-25 09:23:57.093,1789,3,114,1,4
1765,1535,<international-trade>,2014-12-25 20:42:24.700,1803,3,94,2,0
1767,118,<macroeconomics><mathematical-economics><reference-request><new-keynesian-economics>,2014-12-26 10:03:35.437,,10,1913,7,0
1768,43,<data-request><firm><liquidity><reference-request>,2014-12-26 11:40:48.463,,4,78,2,0
1769,43,<macroeconomics><keynesian-economics>,2014-12-26 11:49:34.327,,4,863,1,0
1785,366,<productivity>,2014-12-27 20:55:45.587,,1,922,1,0
1787,27,<industrial-organisation><oil><resource-economics>,2014-12-27 21:58:15.117,1788,7,668,1,0
1791,1552,<econometrics><reference-request>,2014-12-28 13:33:27.580,,3,1218,2,1
1792,27,<macroeconomics><inflation><production-function><banking>,2014-12-28 13:36:47.163,1793,6,2518,3,1
1795,31,<macroeconomics><labor-economics>,2014-12-28 14:42:00.440,1797,8,176,1,8
1798,27,<stock-market>,2014-12-28 19:40:56.553,1799,5,5696,1,0
1802,127,<econometrics>,2014-12-29 06:05:16.697,1806,5,111,1,1
1808,1564,<macroeconomics><labor-economics><unemployment>,2014-12-29 18:32:16.427,1809,29,4732,3,5
1812,59,<public-economics><optimal-taxation>,2014-12-29 23:54:39.390,1923,7,138,2,0
1813,1569,<macroeconomics><utility>,2014-12-30 01:47:18.523,1814,7,7036,1,3
1815,27,<macroeconomics><labor-economics><natural-rate-unemployment><unemployment>,2014-12-30 04:58:46.713,1828,6,1034,3,0
1816,59,<decision-theory><risk>,2014-12-30 06:18:22.610,,6,348,2,1
1817,1576,<finance><inflation><economic-growth><price-level>,2014-12-30 09:18:39.093,1821,7,3327,5,2
1818,59,<econometrics><finance><financial-economics>,2014-12-30 09:32:18.080,1827,4,299,2,0
1819,1577,<macroeconomics><currency>,2014-12-30 09:40:31.250,,4,2833,1,1
1824,1584,<currency><uncertainty><euro-area>,2014-12-30 13:42:05.220,,12,215,2,6
1825,1584,<elasticity><investment>,2014-12-30 14:08:12.653,,3,69,1,1
1830,27,<microeconomics><mathematical-economics>,2014-12-30 17:02:05.743,,3,207,1,9
1834,348,<game-theory><nash-equilibrium>,2014-12-30 21:50:48.207,1844,5,155,1,0
1836,59,<public-economics><environmental-economics>,2014-12-31 03:32:07.760,,8,162,1,1
1837,59,<econometrics><time-series><self-study><martingales>,2014-12-31 05:16:34.717,1909,4,106,1,0
1838,385,<supply-and-demand><information><stock-market>,2014-12-31 07:19:23.927,,2,65,2,0
1841,385,<debt><macroeconomics>,2014-12-31 07:34:10.280,1869,1,119,1,2
1845,1602,<macroeconomics><business-cycles>,2014-12-31 14:41:52.597,1852,4,125,1,0
1846,1605,<business-cycles><stock-market>,2014-12-31 18:00:35.217,1867,2,235,1,3
1848,59,<finance><martingales><probability>,2014-12-31 21:22:36.047,1851,2,129,1,0
1850,1602,<macroeconomics>,2014-12-31 22:21:00.583,1853,6,139,1,0
1855,1610,<data-request><markets>,2015-01-01 19:58:21.163,,2,669,1,1
1857,1612,<macroeconomics><reference-request>,2015-01-01 22:47:08.027,,2,170,1,0
1858,1613,<macroeconomics><microeconomics><utility>,2015-01-02 05:04:34.233,,3,157,1,1
1859,31,<macroeconomics><energy-economics><resource-economics>,2015-01-02 05:57:56.397,1860,3,168,1,0
1861,1616,<international-trade><government-debt><international-economics><debt>,2015-01-02 07:15:12.113,1863,11,391,2,6
1862,1617,<macroeconomics><econometrics><inflation>,2015-01-02 07:33:02.790,,2,52,1,1
1864,348,<game-theory><nash-equilibrium>,2015-01-02 13:08:24.650,3034,6,120,1,0
1868,1620,<macroeconomics><microeconomics><utility>,2015-01-02 18:04:35.337,1878,6,287,1,0
1871,18,<austrian>,2015-01-02 19:15:05.690,,6,229,2,0
1872,1622,<mathematical-economics>,2015-01-02 20:32:14.213,1887,6,117,2,0
1873,1623,<history><value><stock-market>,2015-01-02 21:44:20.497,,10,205,1,2
1876,27,<marxism><communism>,2015-01-03 16:06:15.183,,1,414,4,0
1877,374,<econometrics><financial-economics><debt>,2015-01-03 16:15:03.940,1881,3,5166,3,0
1880,59,<econometrics><time-series><probability><stochastic-processes>,2015-01-03 18:21:21.583,4847,12,862,3,0
1883,59,<econometrics><time-series><probability><stochastic-processes>,2015-01-04 05:42:02.440,2935,6,99,1,3
1884,1631,<macroeconomics>,2015-01-04 17:06:55.193,1888,11,243,2,0
1890,59,<public-economics><environmental-economics><climate-change>,2015-01-04 23:35:41.900,,5,484,1,2
1891,59,<history><history-economic-thought>,2015-01-04 23:51:23.130,,7,614,2,0
1893,59,<fiscal-policy><public-economics><welfare-economics><basic-income>,2015-01-05 00:05:25.127,1898,33,1943,3,1
1895,95,<economic-growth><long-run><development>,2015-01-05 02:54:30.897,1896,3,157,2,1
1899,1636,<macroeconomics><computation>,2015-01-05 10:59:42.527,1913,2,438,1,0
1901,1641,<macroeconomics><mathematical-economics>,2015-01-05 12:47:01.573,,1,92,1,0
1902,1642,<macroeconomics><monetary-policy><consumption>,2015-01-05 13:33:15.760,1912,1,405,1,0
1903,1643,<microeconomics><utility><surplus><welfare>,2015-01-05 14:03:12.097,1929,4,11145,2,2
1905,1645,<monetary-policy><federal-reserve>,2015-01-05 15:24:39.070,1910,3,108,1,1
1907,118,<macroeconomics><econometrics>,2015-01-05 16:07:10.380,1908,4,263,1,0
1911,1649,<gdp>,2015-01-05 20:20:54.223,,2,176,2,4
1914,59,<econometrics><finance><financial-economics>,2015-01-05 22:26:34.267,,5,877,1,1
1916,59,<optimization><dynamic-programming><continuous-time>,2015-01-05 23:05:29.030,,11,1115,6,3
1917,337,<mathematical-economics><reference-request><theory><inequality>,2015-01-06 00:16:20.370,,8,353,2,5
1920,1653,<debt>,2015-01-06 01:30:06.670,1931,9,396,4,0
1925,1641,<microeconomics><preferences><consumer-theory>,2015-01-06 04:42:46.737,,3,2600,2,1
1927,1654,<financial-economics>,2015-01-06 09:46:17.593,,-4,77,1,3
1932,1499,<reference-request><international-trade><government-debt><international-economics><debt>,2015-01-06 18:40:15.430,3284,3,67,1,0
1933,59,<econometrics><martingales><stochastic-processes>,2015-01-06 20:08:31.927,16278,5,134,2,1
1935,162,<monetary-policy><quantitative-easing>,2015-01-06 18:56:38.650,,1,79,1,2
1937,59,<econometrics><time-series><martingales><probability>,2015-01-07 02:20:22.103,,3,132,0,0
2932,59,<finance><corporate-finance>,2015-01-07 05:10:52.997,2933,3,1104,3,0
2937,59,<price-theory>,2015-01-07 20:27:07.060,,5,83,1,3
2938,59,<finance><financial-economics><corporate-finance>,2015-01-07 20:50:35.413,2940,7,1206,1,0
2941,1641,<macroeconomics><labor-economics><economic-terms>,2015-01-08 08:12:29.270,,10,56926,3,0
2942,93,<macroeconomics><technology>,2015-01-08 08:33:00.833,2945,12,2135,2,1
2949,107,<econometrics>,2015-01-09 09:27:58.030,2951,2,130,1,0
2953,2671,<mathematical-economics><game-theory>,2015-01-09 17:03:48.030,,7,159,1,0
2954,59,<finance><decision-theory><risk><economic-measurement>,2015-01-09 21:23:50.857,,7,1487,6,3
2960,2679,<utility>,2015-01-10 18:39:17.260,2961,10,12868,5,1
2964,2681,<macroeconomics><financial-economics>,2015-01-10 21:04:06.857,,2,7009,1,2
2967,2682,<macroeconomics><public-economics><political-economy>,2015-01-10 23:08:54.213,2988,4,217,1,2
2968,59,<econometrics><time-series><autoregressive>,2015-01-11 05:39:27.050,2981,1,1031,2,4
2969,2679,<utility>,2015-01-11 07:17:43.150,2972,8,13326,1,1
2973,2686,<industrial-organisation>,2015-01-11 17:26:50.007,2974,-3,83,1,4
2977,2692,<macroeconomics><labor-economics><gdp>,2015-01-12 09:08:12.580,,3,141,1,8
2978,2694,<macroeconomics>,2015-01-12 12:49:56.757,,0,31,0,2
2979,69,<macroeconomics><computation><dsge><dynare>,2015-01-12 15:48:35.670,,8,1140,2,1
2980,38,<game-theory><nash-equilibrium><solution-concept>,2015-01-12 19:00:34.110,,5,329,1,6
2982,1655,<macroeconomics><commodities><energy-economics><oil><resource-economics>,2015-01-12 21:51:07.947,2984,12,889,5,5
2983,2679,<elasticity>,2015-01-12 22:17:56.247,4669,6,574,2,4
2986,127,<microeconomics><mathematical-economics><decision-theory>,2015-01-13 02:32:49.043,,3,186,1,2
2992,2679,<utility><cobb-douglas>,2015-01-14 00:14:23.803,2993,4,11270,2,0
2999,127,<monetary-policy><money-supply><open-economy-macro>,2015-01-14 15:30:46.287,,2,165,1,4
3000,59,<econometrics><economic-growth><risk><uncertainty><eigenvalue>,2015-01-14 16:15:19.137,3006,4,85,1,2
3001,59,<finance><risk><probability><autoregressive>,2015-01-14 17:22:53.053,,2,51,0,0
3007,2703,<macroeconomics><monetary-policy><keynesian-economics>,2015-01-15 00:09:00.610,,1,218,1,1
3009,59,<econometrics><finance><time-series><probability>,2015-01-15 04:07:03.930,,1,61,0,0
3011,2708,<macroeconomics><economic-growth><environmental-economics>,2015-01-15 11:45:10.440,,2,42,1,0
3015,2707,<currency><financial-markets><efficient-markets>,2015-01-15 15:36:41.763,3016,3,389,3,0
3017,118,<econometrics>,2015-01-15 21:07:52.700,,5,185,1,4
3018,2712,<econometrics><applied-econometrics>,2015-01-15 22:00:21.307,3024,10,5054,2,1
3019,2714,<economic-measurement>,2015-01-15 22:46:19.727,,1,66,0,0
3020,2679,<production-function><cost>,2015-01-16 00:16:51.630,5273,7,35925,2,0
3025,385,<general-equilibrium><economic-terms><definition>,2015-01-16 09:20:20.390,3029,2,1203,3,0
3027,1652,<pareto-efficiency><perfect-complements>,2015-01-16 10:18:12.650,,6,12343,2,0
3030,1641,<macroeconomics><production-function>,2015-01-16 11:34:55.113,3031,2,729,1,0
3032,127,<econometrics>,2015-01-16 12:31:08.077,,2,221,2,0
3033,127,<macroeconomics><microeconomics><economic-methodology>,2015-01-16 12:39:19.170,,6,1419,3,4
3035,2721,<debt><banking>,2015-01-16 15:02:01.777,3046,3,319,4,0
3040,2679,<markets>,2015-01-16 19:23:31.183,3041,1,84,1,0
3045,2679,<scientific-method>,2015-01-16 22:34:17.173,,5,86,1,2
3047,2725,<econometrics><mathematical-economics><gdp>,2015-01-17 05:37:36.597,,2,55,0,1
3048,2727,<macroeconomics>,2015-01-17 09:47:07.837,,4,755,2,1
3049,1417,<reference-request><international-trade><environmental-economics>,2015-01-17 11:36:57.920,3089,8,472,1,0
3050,2710,<markets><consumption>,2015-01-17 15:52:24.467,,3,96,0,10
3051,2679,<microeconomics>,2015-01-17 20:07:38.057,3053,2,249,3,0
3054,2679,<elasticity>,2015-01-18 00:59:52.663,,2,81,1,0
3059,2732,<exchange-rates><central-banking>,2015-01-18 16:37:47.640,,9,1063,3,0
3060,2735,<mathematical-economics><producer-theory>,2015-01-18 17:36:08.890,,1,185,0,0
3061,108,<microeconomics><theory><auctions>,2015-01-18 18:11:06.200,3062,2,423,1,0
3065,2747,<currency><exchange-rates>,2015-01-18 20:43:40.247,3071,5,444,2,1
3067,2740,<investment><interest-rate>,2015-01-19 08:31:48.940,3350,2,90,3,1
3072,108,<reference-request><utility><consumer-theory><expected-utility><empirical-evidence>,2015-01-19 14:53:16.910,5421,14,187,3,2
3073,2732,<central-banking><currency-peg>,2015-01-19 15:21:20.980,,2,140,1,0
3075,2743,<microeconomics>,2015-01-19 16:13:13.087,,2,49,2,0
3077,59,<econometrics><time-series><eigenvalue><markov-chain><linear-algebra>,2015-01-19 17:19:29.443,,3,56,1,0
3079,2746,<keynesian-economics>,2015-01-19 18:36:28.953,3411,5,1445,3,2
3081,379,<history><usa><agriculture>,2015-01-19 19:46:14.717,,4,77,1,1
3083,2679,<supply-and-demand><production-function>,2015-01-19 22:49:40.353,,0,592,1,0
3086,2751,<taxation><property>,2015-01-20 00:33:39.283,,13,770,6,0
3087,59,<econometrics><finance><time-series><martingales>,2015-01-20 00:51:34.690,3184,1,87,1,0
3090,2752,<gdp><probability><stock-market><value>,2015-01-20 06:33:07.383,,5,344,1,1
3091,2753,<production-function>,2015-01-20 09:23:13.563,3096,2,12152,3,0
3093,2756,<applied-econometrics><corporate-finance><purchasing-power-partity>,2015-01-20 12:53:47.343,3104,2,34,1,2
3094,1642,<macroeconomics><mathematical-economics>,2015-01-20 13:29:30.463,3095,6,282,1,2
3097,2758,<data-request><banking>,2015-01-20 16:29:03.477,,3,57,1,2
3099,2759,<time-series>,2015-01-20 19:12:53.183,3114,3,402,1,4
3100,2760,<econometrics>,2015-01-20 20:43:44.413,,7,193,1,2
3101,242,<macroeconomics><microeconomics>,2015-01-20 21:03:09.027,3102,2,131,2,0
3103,2763,<macroeconomics><microeconomics><self-study>,2015-01-21 02:30:11.043,3105,4,1762,4,0
3108,2732,<central-banking><currency-peg>,2015-01-21 13:23:09.557,3109,6,313,1,0
3112,242,<utility><risk><probability><expected-utility><risk-aversion>,2015-01-21 21:05:00.317,3121,10,3005,2,0
3115,2679,<microeconomics>,2015-01-21 21:29:53.420,3120,20,96105,3,0
3116,2679,<microeconomics><pareto-efficiency>,2015-01-21 21:40:13.403,3117,5,395,1,0
3118,1432,<econometrics><time-series><computation><markov-chain><statistics>,2015-01-21 22:16:39.287,,4,277,1,0
3123,,<macroeconomics><mathematical-economics>,2015-01-22 02:45:10.490,,3,124,1,7
3124,107,<macroeconomics><monetary-policy>,2015-01-22 13:56:56.360,,3,41,0,0
3125,2775,<macroeconomics><finance><financial-economics>,2015-01-22 15:09:33.297,,3,1078,3,0
3128,2777,<macroeconomics><monetary-policy><fiscal-policy><government><keynesian-economics>,2015-01-22 17:26:35.447,,2,1392,0,1
3129,1655,<reference-request><federal-reserve>,2015-01-22 19:17:10.910,,3,162,2,0
3130,2779,<central-banking>,2015-01-22 21:22:35.490,,7,247,3,2
3132,2782,<macroeconomics><monetary-policy><currency><money-supply><currency-peg>,2015-01-23 02:03:42.203,,5,178,2,0
3135,59,<finance><asset-pricing><optimization><portfolio-theory>,2015-01-23 05:25:51.087,3138,5,98,1,2
3137,2784,<finance><exchange-rates><financial-markets><efficient-markets>,2015-01-23 13:01:57.803,3245,1,73,1,4
3140,2777,<macroeconomics><fiscal-policy><government><keynesian-economics>,2015-01-23 14:33:41.980,,2,261,0,3
3141,1564,<housing>,2015-01-23 14:42:29.593,3144,8,2228,4,5
3142,2777,<macroeconomics><fiscal-policy><government><keynesian-economics>,2015-01-23 15:07:16.693,,2,261,1,0
3143,2777,<macroeconomics><monetary-policy><federal-reserve>,2015-01-23 15:14:11.567,,5,124,1,4
3145,2777,<macroeconomics><monetary-policy><money-supply><federal-reserve>,2015-01-23 17:00:08.693,,5,90,1,1
3147,43,<microeconomics><financial-economics><liquidity><reference-request><financial-constraints>,2015-01-23 20:13:58.957,,2,169,1,6
3148,1655,<soft-question>,2015-01-24 00:15:07.863,,4,264,2,4
3152,2753,<macroeconomics>,2015-01-24 12:29:29.620,3154,2,57,1,0
3153,1482,<industrial-organisation><markets><price-theory>,2015-01-24 13:03:44.060,,2,25,1,1
3155,,<macroeconomics><mathematical-economics>,2015-01-24 16:23:50.213,3160,5,3016,2,4
3156,59,<banking><corporate-finance><regulation><capital-structure>,2015-01-24 17:24:54.333,,3,638,2,6
3157,2790,<macroeconomics><microeconomics><supply-and-demand><perfect-complements>,2015-01-24 17:54:51.773,,3,1374,1,0
3163,2793,<macroeconomics>,2015-01-25 06:42:38.883,,8,974,2,4
3165,2796,<macroeconomics>,2015-01-25 10:01:31.770,,0,79,1,1
3167,2798,<central-banking><national-bank>,2015-01-25 16:49:25.523,,1,42,0,0
3170,2802,<fiscal-policy>,2015-01-26 00:52:46.707,5843,2,1361,1,1
3172,2803,<asset-pricing>,2015-01-26 02:00:14.907,3173,4,292,1,1
3174,348,<game-theory><nash-equilibrium><congestion-games>,2015-01-26 09:48:07.557,,15,284,1,3
3176,2806,<externalities>,2015-01-26 16:36:14.457,,5,612,1,0
3178,2807,<game-theory><nash-equilibrium><pareto-efficiency>,2015-01-26 17:43:35.960,,3,613,2,0
3185,2815,<theory><investment>,2015-01-27 09:22:26.737,,3,163,1,0
3189,2816,<supply-and-demand><economic-growth>,2015-01-27 17:26:59.257,,3,43,1,0
3192,2818,<inflation>,2015-01-28 00:08:26.517,3263,2,41,1,0
3194,2819,<econometrics><political-economy><identification><regression>,2015-01-28 03:01:00.450,3199,13,10815,5,1
3195,2822,<exchange-rates><currency-peg>,2015-01-28 03:20:13.923,3240,2,624,1,0
3201,2701,<microeconomics><elasticity><definition>,2015-01-28 10:18:17.970,3216,3,1093,2,0
3203,2819,<econometrics><regression>,2015-01-28 19:02:14.410,3206,8,349,1,1
3207,156,<game-theory>,2015-01-29 13:26:16.547,3208,8,2071,2,0
3210,2829,<econometrics>,2015-01-29 16:34:38.560,4558,7,1414,2,0
3211,2834,<macroeconomics><data-request><gdp>,2015-01-29 17:55:51.700,,2,60,1,1
3212,2835,<econometrics>,2015-01-29 20:43:51.563,,3,94,1,1
3214,2839,<macroeconomics><currency>,2015-01-30 11:30:49.133,,3,39,0,1
3218,2829,<econometrics>,2015-01-30 18:07:40.743,8163,2,1445,1,0
3219,2846,<game-theory><mechanism-design>,2015-01-30 21:48:52.010,,6,71,1,2
3220,43,<industrial-organisation><reference-request>,2015-01-31 15:31:01.763,,4,42,1,0
3222,332,<macroeconomics><economic-growth><unemployment>,2015-01-31 16:54:32.283,3230,22,2847,2,2
3224,332,<monetary-policy><debt><default>,2015-01-31 19:40:16.593,3225,2,726,2,0
3226,1439,<debt><reference-request><consumer-credit>,2015-01-31 19:18:16.840,3258,5,181,2,5
3227,1417,<econometrics><environmental-economics>,2015-01-31 23:30:55.547,,3,115,2,0
3229,2849,<international-trade>,2015-02-01 01:07:00.153,,0,21245,2,2
3232,2851,<utility><optimization>,2015-02-01 05:33:43.127,,6,245,1,0
3234,2853,<data-request><gdp><government-debt>,2015-02-01 15:32:10.500,,4,103,1,0
3237,2829,<econometrics><time-series>,2015-02-01 19:51:27.207,,3,121,0,1
3241,2857,<microeconomics><consumer-theory>,2015-02-02 17:39:16.827,,2,640,0,7
3242,385,<preferences><social-choice>,2015-02-02 18:23:13.823,4754,6,98,1,5
3243,332,<macroeconomics><energy-economics><resource-economics>,2015-02-02 18:58:04.080,3246,4,108,3,4
3244,332,<energy-economics>,2015-02-02 19:07:16.020,3251,4,119,1,6
3247,71,<computation><simulations>,2015-02-02 21:03:00.623,,4,102,2,0
3248,43,<macroeconomics><reference-request>,2015-02-02 21:12:02.463,,2,62,0,0
3250,43,<macroeconomics><reference-request><business-cycles><empirical-evidence><profits>,2015-02-02 21:25:21.470,,5,436,1,0
3253,332,<macroeconomics><debt>,2015-02-03 00:11:54.447,3254,5,183,2,0
3255,243,<microeconomics><austrian>,2015-02-03 02:00:06.567,3266,5,624,1,0
3261,2866,<monetary-policy><currency><exchange-rates><fiscal-policy><australia>,2015-02-03 22:54:54.070,3262,6,819,1,0
3264,2867,<macroeconomics><econometrics><supply-and-demand><consumption><statistics>,2015-02-04 02:53:08.593,3267,4,171,2,0
3265,2868,<utility><risk><expected-utility><risk-aversion>,2015-02-04 04:25:44.110,3269,0,299,1,1
3270,2871,<free-trade>,2015-02-04 17:31:49.653,3272,6,809,3,1
3273,2725,<econometrics>,2015-02-04 20:10:23.373,,0,170,0,2
3275,2874,<asset-pricing><optimization><risk-aversion><portfolio-theory>,2015-02-04 20:50:57.383,3276,4,845,1,6
3278,43,<macroeconomics><continuous-time>,2015-02-05 15:26:58.140,,3,150,0,0
3279,43,<macroeconomics><new-keynesian-economics>,2015-02-05 16:53:21.050,,11,386,1,6
3281,151,<microeconomics><data-request>,2015-02-05 19:00:00.583,,1,26,0,5
3282,2880,<banking>,2015-02-05 20:25:11.507,3286,5,941,2,2
3283,2879,<banking><regulation>,2015-02-05 20:26:20.840,,3,4617,1,1
3288,73,<mathematical-economics><game-theory><academic-graduate>,2015-02-06 09:20:13.770,,7,131,3,2
3289,43,<macroeconomics><industrial-organisation><academic-graduate><business-cycles><reference-request>,2015-02-06 17:59:55.960,,3,71,1,2
3290,59,<finance><academic-graduate><portfolio-theory><stochastic-calculus><optimal-control>,2015-02-06 22:48:52.703,,16,473,0,1
3296,2899,<microeconomics>,2015-02-07 22:21:55.330,3298,4,2179,2,0
3297,43,<macroeconomics><finance><reference-request><academic-graduate><corporate-finance>,2015-02-07 22:22:20.530,,1,41,0,3
3299,,<game-theory>,2015-02-07 23:57:17.130,,2,273,1,2
3304,337,<mathematical-economics>,2015-02-08 16:48:00.163,,7,538,2,4
3305,2910,<expected-utility><optimization><academic-graduate><auctions>,2015-02-08 20:00:41.997,,3,1534,1,4
3308,348,<game-theory><computation><nash-equilibrium><congestion-games>,2015-02-09 09:46:21.973,3333,7,255,1,0
3313,69,<finance><risk>,2015-02-09 16:04:31.250,,2,109,0,1
3314,2913,<microeconomics><general-equilibrium><pure-exchange-economy>,2015-02-09 20:21:16.447,,3,138,0,2
3315,2915,<stochastic-processes><stochastic-calculus><asset-pricing>,2015-02-09 20:43:06.000,,5,104,2,0
3317,240,<macroeconomics><inflation><academic-graduate><economic-growth>,2015-02-09 22:15:03.617,,11,1019,2,0
3320,2919,<macroeconomics><money-supply>,2015-02-10 03:29:01.783,3327,5,1887,6,9
3324,2921,<international-trade>,2015-02-10 08:03:49.730,,2,709,1,0
3332,43,<industrial-organisation><academic-graduate>,2015-02-10 22:26:53.383,3335,3,44,1,0
3334,2927,<taxation>,2015-02-11 02:56:32.117,3339,2,20,1,0
3336,2763,<microeconomics><consumer-theory>,2015-02-11 10:00:07.557,3337,4,3268,1,0
3340,225,<game-theory><academic-graduate><nash-equilibrium>,2015-02-11 14:30:01.747,5545,12,2644,2,3
3343,69,<applied-econometrics><academic-graduate>,2015-02-11 16:55:58.787,,6,166,2,2
3344,2933,<taxation>,2015-02-11 19:38:17.660,4564,3,117,1,2
3345,2934,<inflation>,2015-02-11 19:45:01.773,,2,111,0,3
3346,2936,<mathematical-economics><theory><reference-request><simulations>,2015-02-11 21:53:55.177,,6,104,1,1
3352,2939,<microeconomics>,2015-02-12 03:30:00.583,,2,8018,2,0
3353,2940,<labor-economics><minimum-wage>,2015-02-12 08:22:28.447,3355,3,121,1,2
3354,2941,<international-trade><balance-of-trade>,2015-02-12 08:40:54.300,3356,0,50,1,0
3359,2943,<gdp><exchange-rates><purchasing-power-partity>,2015-02-12 15:57:17.453,3360,4,1878,1,0
3361,2913,<macroeconomics><taxation><optimal-taxation>,2015-02-12 17:48:06.690,,0,60,0,2
3365,2949,<macroeconomics><econometrics><general-equilibrium><dsge>,2015-02-13 08:42:33.573,,5,137,1,0
3366,2950,<default><government-debt>,2015-02-13 09:53:27.680,,3,82,2,1
3367,2951,<international-economics>,2015-02-13 10:27:56.517,3368,5,117,1,0
3370,2671,<macroeconomics><economic-growth>,2015-02-13 18:16:01.877,3388,3,83,1,0
3371,1655,<macroeconomics>,2015-02-13 19:13:37.810,,3,58,0,3
3372,18,<econometrics>,2015-02-13 19:37:53.243,,3,1645,1,0
3373,2679,<game-theory>,2015-02-14 02:36:22.670,3377,3,93,1,3
3375,2671,<macroeconomics><academic-graduate><general-equilibrium>,2015-02-14 14:09:04.387,3376,7,206,2,0
3378,2671,<macroeconomics><academic-graduate><general-equilibrium>,2015-02-14 19:30:44.377,3380,4,115,1,0
3379,2957,<monetary-policy><debt><interest-rate>,2015-02-14 20:03:50.220,12647,8,490,2,5
3381,18,<utility><preferences>,2015-02-14 21:28:20.607,,11,13300,3,0
3382,2776,<economic-terms><profits>,2015-02-14 21:46:04.420,15919,5,745,5,5
3386,2960,<production-function><political-economy><development>,2015-02-15 03:54:45.567,,1,35,0,4
3387,2960,<production-function><development>,2015-02-15 04:16:08.377,3389,5,251,1,0
3390,2961,<international-trade>,2015-02-15 06:31:24.377,,3,19628,3,2
3391,2763,<microeconomics><labor-economics>,2015-02-15 07:00:06.837,,2,721,1,0
3392,59,<macroeconomics><reference-request><computation><dynare>,2015-02-15 07:29:15.960,,4,646,2,2
3393,59,<finance><financial-economics><academic-graduate><continuous-time><portfolio-theory>,2015-02-15 08:27:46.450,17469,6,286,1,1
3396,2904,<utility><consumer-theory>,2015-02-15 13:12:33.613,3398,6,17338,3,0
3402,1448,<data-request><statistics>,2015-02-15 20:10:08.330,,6,123,2,7
3403,2671,<mathematical-economics><academic-graduate><optimization>,2015-02-15 21:38:44.543,,8,648,2,3
3404,73,<academic-graduate><dynamic-programming><dynamic-games>,2015-02-16 08:22:30.290,5136,5,568,2,1
3405,2973,<game-theory><utility><decision-theory><auctions>,2015-02-16 08:23:27.467,,5,246,1,12
3407,2971,<macroeconomics><keynesian-economics><new-keynesian-economics>,2015-02-16 10:25:35.733,3410,4,176,2,0
3412,2977,<macroeconomics><microeconomics>,2015-02-16 19:37:43.493,3413,0,46,2,1
3415,2941,<banking><regulation>,2015-02-17 08:48:24.570,3417,0,5848,1,0
3416,2982,<microeconomics><utility><preferences>,2015-02-17 10:42:25.667,,5,618,2,0
4419,,<inflation><deflation>,2015-02-17 17:36:00.930,4421,1,2443,2,0
4420,2758,<banking><financial-crises>,2015-02-17 18:03:54.753,,8,1610,2,1
4424,3987,<macroeconomics><currency><deflation><cryptocurrency>,2015-02-17 19:04:33.337,4443,14,970,4,3
4426,3989,<macroeconomics><data-request><financial-economics>,2015-02-17 20:40:07.540,,4,87,1,1
4427,96,<inflation><money-supply><central-banking>,2015-02-17 21:28:30.143,,4,4284,2,2
4428,96,<government><political-economy>,2015-02-17 21:37:00.673,4436,5,3883,3,4
4429,96,<decision-theory>,2015-02-17 21:48:25.050,4432,6,92,1,2
4430,73,<macroeconomics><general-equilibrium><pareto-efficiency><olg>,2015-02-17 22:17:26.940,,7,930,2,0
4431,2679,<game-theory><signaling>,2015-02-17 22:41:20.467,4442,3,404,2,2
4434,2959,<macroeconomics><monetary-policy><taxation>,2015-02-18 02:34:16.573,4447,3,175,1,0
4437,107,<macroeconomics><data-request>,2015-02-18 13:17:09.227,5360,3,55,1,0
4438,3995,<taxation><environmental-economics>,2015-02-18 13:40:06.283,4572,7,604,2,3
4439,3996,<regression>,2015-02-18 15:22:05.247,,2,41,1,1
4444,40,<macroeconomics><reference-request><welfare-economics><development-economics><basic-income>,2015-02-18 22:12:39.750,6729,11,431,2,5
4451,2853,<macroeconomics><economic-growth>,2015-02-19 16:54:04.680,4455,2,700,1,6
4452,4002,<banking>,2015-02-19 20:37:06.280,,4,85,1,0
4453,1448,<finance><monetary-policy><federal-reserve><financial-crises>,2015-02-19 21:08:02.383,,2,96,1,0
4454,332,<monetary-policy><money-supply>,2015-02-19 22:57:20.947,6204,4,278,1,11
4460,1611,<mathematical-economics><game-theory><reference-request><general-equilibrium>,2015-02-20 20:35:57.503,5608,8,290,1,0
4461,4010,<gdp><time-series>,2015-02-20 21:27:04.830,,1,435,0,2
4462,38,<decision-theory><academic-graduate><optimization><markov-chain><bellman-equations>,2015-02-20 21:35:20.167,4463,4,185,1,0
4466,4013,<international-economics><government-debt>,2015-02-21 04:50:38.500,4475,6,1977,2,0
4470,4018,<economic-terms><definition>,2015-02-21 14:40:50.110,,4,192,3,2
4471,4019,<government-debt>,2015-02-21 16:15:58.763,,23,1449,6,2
4472,4020,<microeconomics><comparative-advantage>,2015-02-21 16:50:29.823,4478,6,1095,3,2
4476,4020,<international-trade><comparative-advantage>,2015-02-21 17:28:00.860,,0,77,0,4
4480,1448,<international-trade>,2015-02-21 19:12:38.750,4488,4,88,1,0
4485,337,<asset-pricing>,2015-02-22 14:41:37.513,,4,3658,3,0
4487,4027,<econometrics><time-series>,2015-02-22 17:42:54.967,,5,358,1,3
4489,4028,<microeconomics>,2015-02-22 20:18:36.753,,1,85,1,1
4493,2943,<debt><gdp><usa>,2015-02-23 02:40:37.100,,1,620,2,0
4495,1639,<mechanism-design><contract-theory>,2015-02-23 12:24:59.367,4502,11,21458,3,2
4499,4032,<theory>,2015-02-23 13:57:57.153,,2,169,1,4
4501,4034,<value>,2015-02-23 14:35:07.967,,2,162,1,0
4506,4038,<inequality>,2015-02-23 21:45:01.813,,2,147,1,8
4507,4039,<taxation>,2015-02-23 21:59:32.010,,7,2173,1,3
4508,4020,<microeconomics><comparative-advantage>,2015-02-23 23:48:00.077,,4,1940,3,1
4513,4041,<microeconomics><supply-and-demand>,2015-02-24 02:40:37.033,,2,1010,1,0
4514,4020,<microeconomics>,2015-02-24 03:18:40.157,4523,2,563,1,0
4515,2874,<asset-pricing><optimization><risk-aversion><portfolio-theory>,2015-02-24 04:54:56.507,,2,264,0,2
4517,43,<macroeconomics><labor-economics><data-request><reference-request>,2015-02-24 14:22:49.397,,5,60,1,3
4519,4032,<mathematical-economics><social-welfare>,2015-02-24 15:42:56.567,,3,98,1,0
4522,4046,<macroeconomics><econometrics><time-series>,2015-02-24 20:21:41.807,,3,1319,1,1
4524,4049,<auctions>,2015-02-24 23:20:30.610,,8,1983,4,0
4525,40,<econometrics><reference-request>,2015-02-25 00:38:44.653,4535,8,835,3,1
4529,2874,<mathematical-economics><asset-pricing><stochastic-processes>,2015-02-25 03:48:03.977,4555,4,896,1,0
4533,4051,<currency><money-supply><international-economics>,2015-02-25 16:52:55.323,,1,177,0,4
4534,4030,<macroeconomics><gdp>,2015-02-25 16:58:27.790,9633,3,12309,1,5
4537,4053,<covid-19-crisis>,2015-02-25 19:33:42.957,,5,74,0,0
4538,4055,<data-request>,2015-02-25 20:47:30.907,,1,9,0,1
4539,4056,<microeconomics><choice-theory>,2015-02-25 21:20:59.423,4541,1,1340,3,0
4540,2874,<asset-pricing>,2015-02-25 22:46:11.513,,2,50,1,0
4543,2874,<asset-pricing><optimization><portfolio-theory>,2015-02-26 03:32:39.603,4544,1,158,1,0
4546,4063,<macroeconomics><risk-aversion><interest-rate>,2015-02-26 11:18:20.637,,2,329,2,0
4549,2746,<currency>,2015-02-26 16:21:40.370,4551,2,141,2,1
4550,4067,<econometrics><reference-request>,2015-02-26 18:01:54.050,,2,40,0,0
4556,4070,<macroeconomics><debt>,2015-02-26 22:14:43.977,,3,435,1,0
4559,2702,<finance>,2015-02-26 23:41:21.807,4566,0,50,2,0
4570,43,<econometrics><data-request><reference-request>,2015-02-27 17:20:34.803,,1,33,1,0
4571,43,<macroeconomics><academic-graduate><inequality><capital-returns>,2015-02-27 17:46:21.847,,9,480,1,2
4574,4077,<macroeconomics><reference-request><gdp><economic-measurement>,2015-02-27 23:32:51.877,4578,1,2673,1,0
4575,159,<industrial-organisation><behavioral-economics>,2015-02-28 02:00:07.130,,0,518,1,0
4579,385,<utility><consumer-theory>,2015-03-01 06:46:45.880,4580,9,19168,1,0
4582,4012,<macroeconomics><gdp>,2015-03-01 19:27:36.490,4583,2,7508,2,0
4584,43,<mathematical-economics>,2015-03-01 20:24:39.420,4587,3,85,1,0
4588,4085,<international-trade><academic-graduate><international-economics>,2015-03-02 12:41:09.063,,1,41,0,0
4589,246,<macroeconomics><dynamic-programming><self-study>,2015-03-02 14:55:57.640,4592,3,474,2,0
4593,4088,<purchasing-power-partity><wages><living-cost>,2015-03-02 20:33:34.493,4599,10,777,3,1
4594,4020,<microeconomics><elasticity>,2015-03-02 22:16:09.537,,3,524,1,0
4596,4020,<microeconomics><elasticity>,2015-03-03 01:19:55.577,,7,12338,3,4
4598,4020,<microeconomics><elasticity>,2015-03-03 02:58:25.527,,3,1641,2,2
4600,1447,<markets><social-welfare><communism><basic-income>,2015-03-03 05:29:40.993,,1,99,0,8
4601,4089,<history>,2015-03-03 10:09:39.470,,2,54,0,3
4606,4095,<microeconomics><public-economics><commodities>,2015-03-03 21:15:27.097,,3,172,0,3
4608,1417,<macroeconomics><environmental-economics>,2015-03-04 10:47:35.357,12744,5,209,1,2
4610,2853,<macroeconomics><gdp><debt>,2015-03-04 14:01:40.630,,2,2432,2,0
4613,4020,<microeconomics><taxation>,2015-03-04 20:28:31.130,5683,2,7400,3,11
4614,43,<macroeconomics><data-request><unemployment>,2015-03-04 20:34:49.683,4628,1,57,1,4
4616,43,<academic-graduate><money>,2015-03-04 22:58:08.577,4617,3,423,1,0
4618,4104,<microeconomics>,2015-03-05 00:25:19.047,,3,17277,1,1
4619,96,<investment>,2015-03-05 01:46:21.477,,10,163,2,1
4621,4105,<elasticity>,2015-03-05 02:17:05.440,,3,193,0,4
4625,4109,<macroeconomics><inflation><investment>,2015-03-05 17:18:05.253,4626,2,268,1,0
4627,4110,<microeconomics>,2015-03-05 18:06:48.987,,2,328,1,2
4631,43,<mathematical-economics>,2015-03-06 02:55:49.247,4632,3,42,1,0
4633,14,<microeconomics><game-theory><principal-agent>,2015-03-06 13:51:50.340,,3,69,1,1
4634,4117,<reference-request>,2015-03-06 14:12:02.830,4638,20,2996,5,3
4636,43,<general-equilibrium>,2015-03-06 19:09:32.350,,3,57,1,9
4639,43,<elasticity>,2015-03-06 22:11:30.833,4645,1,129,1,0
4640,4020,<microeconomics><elasticity>,2015-03-06 23:17:17.117,,2,2102,1,0
4642,4020,<microeconomics><taxation>,2015-03-06 23:41:11.347,6034,4,16539,3,1
4649,385,<utility><supply-and-demand><consumer-theory>,2015-03-07 20:45:24.563,4670,2,58,1,5
4650,4125,<macroeconomics><economic-growth>,2015-03-07 21:16:16.190,4661,1,697,1,0
4651,4126,<finance><financial-economics>,2015-03-07 23:24:45.970,4652,1,26,1,0
4656,4129,<inflation><interest-rate>,2015-03-08 01:28:54.760,4660,1,21480,1,0
4658,4131,<interest-rate>,2015-03-08 07:34:01.307,,8,261,3,7
4662,118,<econometrics><applied-econometrics>,2015-03-08 22:11:04.920,,3,271,2,0
4663,4020,<microeconomics><international-trade>,2015-03-08 22:14:17.130,7063,2,5934,2,2
4665,96,<currency>,2015-03-09 03:55:04.967,,9,783,2,0
4667,4110,<microeconomics><elasticity>,2015-03-09 09:48:58.127,18260,2,147,2,3
4672,4137,<corporate-finance><accounting>,2015-03-09 17:11:17.503,,1,59,1,0
4673,4138,<game-theory><industrial-organisation>,2015-03-09 17:36:14.897,4675,3,134,1,0
4674,4104,<macroeconomics><economic-growth>,2015-03-09 18:54:40.267,,2,14062,2,0
4677,4140,<financial-economics>,2015-03-10 03:58:21.177,4684,2,53,2,0
4679,40,<data-request><applied-econometrics>,2015-03-10 04:16:24.197,4683,11,630,4,4
4682,4126,<financial-economics>,2015-03-10 15:28:54.087,4688,1,69,1,0
4685,2819,<microeconomics><price-discrimination><competition>,2015-03-10 22:08:11.543,4698,18,945,4,3
4686,4143,<currency>,2015-03-10 22:14:39.217,4687,9,4378,7,0
4689,4138,<production-function>,2015-03-11 05:35:33.810,4692,4,4771,2,0
4693,4150,<interest-rate><inflation>,2015-03-10 20:36:44.230,,2,1054,3,3
4697,43,<econometrics>,2015-03-11 16:19:20.857,4704,2,65,1,1
4702,4155,<microeconomics><profit-maximization>,2015-03-11 18:41:37.567,4708,2,8953,2,1
4703,1601,<game-theory>,2015-03-11 20:19:09.897,4719,4,1386,1,2
4705,4156,<macroeconomics>,2015-03-11 22:19:46.150,,0,134,1,2
4706,4157,<microeconomics><externalities><marketing>,2015-03-11 22:31:12.410,4707,6,1338,4,3
4713,4167,<data-request><gdp>,2015-03-12 13:27:51.800,,4,145,1,3
4718,43,<macroeconomics><academic-graduate><investment><adjustment-costs>,2015-03-12 20:17:30.177,,4,242,3,1
4720,4173,<base-year>,2015-03-12 23:02:21.550,,3,746,0,4
4722,366,<reference-request><price-theory>,2015-03-13 13:37:44.520,,4,500,3,0
4723,2746,<macroeconomics>,2015-03-13 13:53:33.150,,3,312,2,0
4724,366,<gdp>,2015-03-13 14:48:54.240,,1,1063,1,1
4725,4178,<utility>,2015-03-13 15:41:42.753,4733,7,13189,3,0
4729,4031,<econometrics><time-series><applied-econometrics><marketing>,2015-03-13 16:36:51.540,4755,0,61,1,2
4736,4188,<risk-aversion>,2015-03-14 22:47:34.183,4738,5,860,2,0
4739,385,<macroeconomics><general-equilibrium><markets><price-level><competition>,2015-03-15 06:52:20.340,,2,70,0,1
4741,2740,<macroeconomics><productivity>,2015-03-15 09:23:15.490,4788,2,590,2,0
4742,385,<general-equilibrium><consumer-theory><price-theory>,2015-03-15 10:51:42.997,4764,2,434,1,3
4743,79,<interest-rate>,2015-03-15 09:02:29.097,4746,4,181,1,0
4744,2963,<econometrics><statistics><self-study>,2015-03-15 12:11:43.140,4745,9,18880,3,12
4749,2958,<data-request><inflation>,2015-03-15 18:16:05.503,,4,116,1,1
4751,4020,<banking>,2015-03-15 04:34:58.560,,4,132,2,0
4753,4195,<microeconomics><utility>,2015-03-15 20:28:03.720,5141,3,1782,1,1
4757,4196,<reference-request><political-economy><regulation>,2015-03-16 01:55:44.223,4778,6,73,2,2
4758,4197,<debt><international-trade>,2015-03-16 02:20:01.573,,5,227,3,2
4763,4006,<supply-and-demand><efficient-markets>,2015-03-17 17:44:01.720,5281,3,52,1,0
4765,43,<computation><stochastic-processes>,2015-03-17 19:35:46.280,5624,8,1192,2,0
4766,4205,<microeconomics><academic-graduate>,2015-03-17 21:06:49.063,4767,8,363,1,0
4768,43,<data-request><environmental-economics>,2015-03-18 15:51:57.323,,4,56,2,0
4770,4208,<macroeconomics><general-equilibrium><business-cycles><simulations>,2015-03-18 16:54:52.127,4786,10,919,2,0
4771,4209,<macroeconomics><microeconomics><reference-request><financial>,2015-03-18 17:09:49.300,,4,476,3,1
4777,2719,<inflation><interest-rate>,2015-03-19 11:55:47.500,,22,18149,8,3
4784,43,<probability>,2015-03-19 18:35:30.077,4791,5,103,2,0
4789,2763,<microeconomics>,2015-03-20 10:26:36.927,,-1,94,1,1
4794,43,<macroeconomics><academic-graduate><general-equilibrium><computation><unemployment>,2015-03-20 15:59:09.543,4807,6,289,2,1
4795,118,<econometrics>,2015-03-20 17:22:15.240,,2,77,1,4
4799,43,<macroeconomics><academic-graduate><empirical-evidence><real-business-cycles>,2015-03-21 12:22:31.890,,6,121,1,1
4801,43,<macroeconomics><reference-request><business-cycles><economic-crisis>,2015-03-21 18:25:10.673,,5,115,2,3
4804,4232,<time-series><probability>,2015-03-22 00:56:41.263,,1,59,1,6
4805,4233,<exchange-rates><financial-crises><currency-peg>,2015-03-22 14:33:34.857,6079,8,885,2,0
4809,96,<currency>,2015-03-22 21:28:15.200,,1,890,2,3
4810,96,<asset-pricing><risk><housing>,2015-03-22 21:36:23.967,,11,729,6,3
4812,4235,<macroeconomics><academic-graduate><new-keynesian-economics>,2015-03-22 22:23:59.303,,6,111,1,0
4813,4237,<financial-economics><international-economics><economic-terms><energy-economics><stock-market>,2015-03-23 01:06:35.130,4826,4,119,1,2
4814,96,<gdp>,2015-03-23 01:37:48.007,,4,80,2,2
4820,4238,<macroeconomics><financial-economics>,2015-03-23 06:42:20.900,,0,5255,1,0
4821,118,<microeconomics>,2015-03-23 10:07:15.753,,1,428,0,6
4830,1477,<utility>,2015-03-24 02:52:03.157,,0,409,1,4
4831,4245,<macroeconomics>,2015-03-24 04:54:28.727,,2,194,1,2
4834,4247,<macroeconomics><new-keynesian-economics>,2015-03-24 13:27:01.327,4843,4,753,1,2
4835,118,<macroeconomics><new-keynesian-economics>,2015-03-24 15:53:23.190,4861,7,1053,1,3
4840,4250,<econometrics><labor-economics><wages>,2015-03-24 21:30:15.240,,3,479,1,0
4845,4250,<econometrics>,2015-03-24 19:21:25.503,,3,506,1,6
4851,4255,<finance><efficient-markets><financial-markets>,2015-03-25 14:51:40.087,,6,223,2,0
4852,4256,<inflation><interest-rate>,2015-03-25 15:13:11.590,,3,139,0,1
4854,4259,<macroeconomics><data-request><elasticity>,2015-03-25 18:52:12.883,,11,444,1,1
4856,73,<mathematical-economics><game-theory><reference-request>,2015-03-25 21:39:27.843,5139,3,142,1,0
4858,4064,<financial-economics><currency><exchange-rates>,2015-03-26 04:20:47.417,,2,38,1,2
4862,2671,<mathematical-economics><game-theory><reference-request><academic-graduate>,2015-03-26 19:00:39.787,4895,4,83,1,0
4866,4265,<labor-economics><monopoly><competition>,2015-03-27 11:21:25.217,4871,22,3007,3,4
4867,118,<microeconomics>,2015-03-27 11:39:06.873,5391,8,214,1,5
4868,4006,<economic-growth><theory>,2015-03-27 03:59:30.617,,5,178,2,5
4873,1448,<finance><financial-markets><usa>,2015-03-27 20:00:50.557,4877,6,47,1,0
4875,4275,<macroeconomics><microeconomics><reference-request>,2015-03-27 21:43:39.890,4879,9,3673,7,0
4878,73,<mathematical-economics><game-theory><academic-graduate><bayesian-game>,2015-03-28 08:32:13.057,,2,62,0,0
4881,43,<macroeconomics><new-keynesian-economics><profits>,2015-03-28 15:20:59.343,,1,57,0,0
4882,4285,<macroeconomics><investment>,2015-03-28 19:20:44.237,,3,55,1,4
4883,366,<macroeconomics><reference-request>,2015-03-28 21:16:32.713,,4,821,2,4
4884,73,<game-theory><reference-request><dynamic-games><bayesian-game>,2015-03-28 22:17:29.000,4888,7,244,1,0
4886,366,<production-function><technology>,2015-03-29 04:58:32.957,,1,1516,1,0
4887,175,<macroeconomics><inflation><supply-and-demand><fiscal-policy>,2015-03-29 06:50:19.583,,2,343,0,2
4889,96,<asset-pricing><investment>,2015-03-29 21:16:40.840,4890,5,183,1,0
4891,4297,<fiscal-policy><energy-economics>,2015-03-30 00:55:08.243,,2,756,2,1
4893,43,<macroeconomics><reference-request><labor-economics>,2015-03-30 13:06:52.563,,0,235,1,0
4894,43,<macroeconomics><reference-request><labor-economics>,2015-03-30 13:41:16.453,,2,29,0,0
4897,4301,<microeconomics><elasticity>,2015-03-30 15:17:59.633,,7,474,2,0
4899,4302,<microeconomics><supply-and-demand>,2015-03-30 15:41:51.677,4901,2,250,1,2
4900,43,<game-theory><industrial-organisation><nash-equilibrium>,2015-03-30 17:52:06.927,,2,61,0,3
4904,43,<academic-graduate><reference-request><uncertainty>,2015-03-30 22:13:16.167,,4,59,1,2
4907,4310,<data-request>,2015-03-31 06:40:49.470,,3,101,1,0
4908,348,<game-theory><nash-equilibrium><congestion-games>,2015-03-31 11:01:45.777,,1,38,0,0
4910,4311,<mechanism-design>,2015-03-31 15:03:53.277,,1,30,1,0
4913,2679,<preferences>,2015-04-01 04:54:53.837,,12,75688,4,2
4914,4316,<exchange-rates>,2015-04-01 05:00:14.643,,6,860,1,0
4915,4318,<monetary-policy><banking>,2015-04-01 09:16:53.600,5471,4,187,3,2
4920,4324,<supply-and-demand><markets>,2015-04-01 21:01:42.783,4921,4,825,1,3
4922,4325,<interest-rate>,2015-04-02 03:16:12.257,,4,103,0,1
4924,4326,<econometrics><fixed-effects>,2015-04-02 03:26:21.490,4925,2,69,1,3
4927,2763,<microeconomics><producer-theory>,2015-04-02 07:29:58.450,,2,176,0,2
4929,4328,<econometrics><applied-econometrics>,2015-04-02 16:20:38.863,5071,3,6935,1,1
4931,2779,<gdp>,2015-04-02 18:57:44.190,4932,7,22648,2,0
4933,4330,<portfolio-theory><stock-market><statistics>,2015-04-02 20:59:02.187,,0,1928,0,5
4935,95,<government>,2015-04-03 03:43:12.597,5015,1,79,1,2
4936,4334,<microeconomics>,2015-04-03 08:10:01.250,,2,105,1,0
4939,4316,<production-function><cobb-douglas>,2015-04-03 11:25:41.230,,1,557,0,5
4944,4338,<debt><government><interest-rate><government-debt>,2015-04-04 01:45:38.493,,2,109,1,0
4945,4341,<mathematical-economics><cobb-douglas>,2015-04-04 15:26:32.490,,0,107,1,3
4946,73,<game-theory><reference-request><nash-equilibrium>,2015-04-04 15:30:54.233,4968,3,105,1,2
4947,337,<asset-pricing><financial-markets><agriculture>,2015-04-04 16:14:29.033,,4,117,1,0
4948,4343,<stock-market>,2015-04-04 16:54:17.710,,1,26,0,2
4951,4348,<macroeconomics><currency><exchange-rates><optimal-currency-area>,2015-04-04 20:41:42.417,4955,8,1623,2,1
4952,2679,<consumer-theory>,2015-04-05 00:52:20.410,4954,6,738,1,0
4956,4354,<econometrics><identification><instrumental-variable>,2015-04-05 18:38:27.277,,5,166,1,2
4957,2679,<consumer-theory>,2015-04-05 19:39:54.497,5620,4,1220,3,0
4958,41,<microeconomics><game-theory><social-welfare>,2015-04-05 22:38:51.360,,1,74,0,0
4959,4357,<interest-rate><liquidity>,2015-04-06 01:09:20.433,,3,6392,1,1
4960,4360,<gdp><education-economics>,2015-04-06 05:47:46.500,4971,4,837,3,0
4963,4345,<microeconomics>,2015-04-06 14:03:57.810,4965,1,1304,1,0
4972,2679,<consumer-theory>,2015-04-06 18:26:04.873,4980,2,828,1,0
4974,4370,<macroeconomics><microeconomics><currency><money-supply>,2015-04-06 20:12:39.913,4975,1,62,1,0
4976,58,<money-supply>,2015-04-06 21:13:48.953,5280,8,237,1,2
4981,4374,<macroeconomics><financial-crises>,2015-04-07 09:49:52.613,4982,2,98,1,12
4983,,<regression><self-study>,2015-03-24 20:48:43.743,,3,97,1,5
4987,118,<microeconomics><econometrics>,2015-04-07 18:55:39.520,4988,2,3753,1,0
4990,4379,<macroeconomics><consumption><money>,2015-04-07 20:33:06.187,,2,114,1,0
4991,4380,<monetary-policy><interest-rate><federal-reserve>,2015-04-07 20:40:26.160,,15,2224,5,3
4995,4382,<supply-and-demand>,2015-04-08 00:44:57.267,5000,6,893,2,0
4997,4383,<microeconomics><consumer-theory><optimization><cobb-douglas>,2015-04-08 01:35:48.713,5019,10,30011,2,4
4998,96,<decision-theory>,2015-04-08 01:48:30.523,,13,1695,3,2
4999,2679,<consumer-theory>,2015-04-08 02:05:57.660,5069,2,2178,1,0
5002,96,<exchange-rates>,2015-04-08 02:42:18.080,,2,39,0,0
5004,4384,<utility><decision-theory><preferences><probability>,2015-04-08 04:03:24.667,,10,892,3,1
5006,4201,<game-theory>,2015-04-08 09:07:52.273,5008,5,382,1,0
5007,4345,<elasticity><monopoly><producer-theory>,2015-04-08 09:29:57.150,5016,4,2990,2,1
5011,4264,<microeconomics><competition>,2015-04-08 12:10:18.657,5013,0,855,1,1
5017,43,<macroeconomics><labor-economics><business-cycles>,2015-04-08 14:52:37.803,,2,49,0,0
5018,4264,<microeconomics><general-equilibrium><producer-theory><consumer-surplus><producer-surplus>,2015-04-08 15:39:08.033,5037,4,19561,1,4
5021,4383,<microeconomics><consumer-theory><optimization><cobb-douglas>,2015-04-08 16:24:14.373,5029,2,975,2,3
5022,175,<accounting>,2015-04-08 17:10:25.587,5023,2,1125,2,0
5025,4387,<macroeconomics><gdp><base-year>,2015-04-08 19:24:31.387,5027,5,7063,2,0
5028,4390,<behavioral-economics><price-theory>,2015-04-08 20:46:23.873,5033,3,111,2,0
5031,4393,<macroeconomics><taxation><optimal-taxation>,2015-04-09 03:25:14.100,5035,1,109,1,2
5034,4264,<microeconomics><competition><cost>,2015-04-09 12:22:50.417,5036,0,85,1,0
5038,4030,<microeconomics><consumer-theory><elasticity>,2015-04-09 13:58:05.090,5039,1,159,1,1
5040,4345,<microeconomics><oligopoly>,2015-04-09 15:50:31.907,5050,4,377,1,1
5041,4399,<microeconomics><sports>,2015-04-09 18:28:11.923,,7,1885,2,4
5044,2679,<microeconomics><consumer-theory>,2015-04-09 23:53:23.710,29773,5,4228,4,0
5045,4402,<asset-pricing><markets>,2015-04-10 00:39:17.780,,2,54,0,0
5046,151,<industrial-organisation><applied-econometrics>,2015-04-10 01:04:38.313,,0,772,1,1
5047,2679,<microeconomics><consumer-theory>,2015-04-10 01:45:41.470,,2,528,2,0
5049,2679,<microeconomics>,2015-04-10 05:30:31.907,,1,48,1,4
5054,4408,<currency><exchange-rates><deflation>,2015-04-10 13:05:37.733,,7,478,1,1
5056,18,<history-economic-thought>,2015-04-10 14:21:01.993,,7,1019,1,0
5057,43,<macroeconomics><data-request><unemployment><labor-economics>,2015-04-10 15:46:55.303,5058,3,28,1,0
5059,4411,<macroeconomics><economic-growth><optimization>,2015-04-10 17:25:53.267,,1,89,0,1
5060,4412,<price-theory><commodities><cost><living-cost><asset-prices>,2015-04-10 17:34:38.610,5064,1,35,2,0
5063,4414,<microeconomics><risk>,2015-04-10 21:22:10.507,,1,37,1,0
5072,9,<randomized-experiment><treatment-effect>,2015-04-11 14:14:45.510,5117,3,1165,1,1
5073,2938,<scientific-method>,2015-04-11 15:09:25.733,5074,8,163,3,1
5075,43,<mathematical-economics>,2015-04-11 16:36:56.957,5078,2,75,1,0
5076,43,<microeconomics><utility><preferences>,2015-04-11 16:38:48.733,,3,713,1,3
5077,4419,<self-study>,2015-04-11 16:38:56.027,5079,2,1366,1,1
5081,4420,<macroeconomics><investment><saving>,2015-04-11 20:07:13.770,5083,3,5266,2,0
5084,1594,<mathematical-economics><reference-request><social-welfare><social-choice>,2015-04-11 22:02:36.540,,3,141,0,5
5086,4418,<exchange-rates>,2015-04-12 00:35:09.073,,2,64,0,1
5087,43,<mathematical-economics><academic-graduate><computation><bellman-equations><ode>,2015-04-12 01:01:10.673,,3,105,0,1
5088,385,<mathematical-economics>,2015-04-12 11:21:35.147,5248,6,855,1,3
5089,2938,<scientific-method>,2015-04-11 15:04:49.723,,1,22,0,2
5090,73,<data-request><banking><financial-crises>,2015-04-12 16:15:13.033,5092,3,214,1,0
5093,4425,<microeconomics>,2015-04-12 21:53:17.607,5094,1,133,2,1
5095,4420,<macroeconomics><gdp><production-function><saving><financial>,2015-04-12 23:00:04.083,5106,3,590,1,0
5097,2679,<cobb-douglas>,2015-04-13 03:46:22.787,5179,4,3519,2,0
5098,4345,<microeconomics><utility>,2015-04-13 04:07:35.563,,3,1290,1,1
5099,385,<mathematical-economics><reference-request>,2015-04-13 04:57:34.643,5122,3,776,2,1
5101,107,<macroeconomics><reference-request><regulation>,2015-04-13 09:15:22.113,5105,3,95,3,2
5103,4345,<macroeconomics><production-function>,2015-04-13 10:47:43.457,,1,237,2,1
5107,4430,<microeconomics><utility><choice-theory>,2015-04-13 14:55:53.917,5110,3,267,1,1
5111,73,<game-theory><reference-request><dynamic-games>,2015-04-13 16:05:41.340,,5,138,2,5
5112,4431,<gdp><base-year>,2015-04-13 20:05:23.550,,2,119,2,1
5114,4201,<game-theory>,2015-04-13 21:12:08.750,5119,4,994,1,0
5120,4266,<mathematical-economics><academic-graduate><reference-request><computation><simulations>,2015-04-14 10:01:39.770,,6,159,1,1
5127,4407,<financial-constraints>,2015-04-14 16:57:48.200,5130,2,499,1,0
5128,4439,<finance>,2015-04-14 17:46:05.397,,0,2918,3,1
5132,4441,<currency><cryptocurrency>,2015-04-14 22:15:32.790,5149,1,67,1,2
5134,4444,<econometrics>,2015-04-15 03:43:43.030,5135,1,113,1,0
5142,4447,<microeconomics><utility><academic-graduate><expected-utility><risk-aversion>,2015-04-15 05:27:01.913,5164,9,1104,3,0
5143,4445,<microeconomics>,2015-04-15 05:36:54.497,,2,59,1,1
5146,4448,<federal-reserve>,2015-04-15 07:03:03.423,,-2,229,1,1
5147,4449,<international-trade><comparative-advantage>,2015-04-15 10:11:42.013,,2,2720,0,2
5148,41,<game-theory>,2015-04-15 18:10:34.277,,2,147,2,4
5150,2797,<macroeconomics>,2015-04-15 22:51:32.753,5152,2,392,1,3
5155,4434,<reference-request><networks>,2015-04-16 14:29:13.533,5157,9,490,2,0
5158,385,<microeconomics><mathematical-economics><social-welfare><monopoly>,2015-04-16 17:06:02.827,5178,9,402,1,6
5159,4454,<accounting>,2015-04-16 17:08:34.053,5160,0,7314,1,1
5165,4457,<supply-and-demand><general-equilibrium><monopoly>,2015-04-17 04:42:23.327,,6,103,2,0
5166,4460,<macroeconomics>,2015-04-17 12:08:34.790,5175,-5,121,2,2
5171,43,<microeconomics><industrial-organisation><production-function>,2015-04-17 14:34:19.073,5172,1,196,1,0
5176,4201,<game-theory>,2015-04-17 23:13:38.073,5177,6,375,1,0
5181,4466,<value><accounting><capital-structure>,2015-04-18 13:50:27.143,,3,590,2,3
5183,2679,<consumer-theory>,2015-04-19 00:35:30.853,,2,2935,2,0
5184,4471,<gdp><inflation>,2015-04-19 00:42:05.947,5265,2,6731,1,0
5185,2679,<consumer-theory>,2015-04-19 01:33:52.353,5186,0,65,1,0
5188,4266,<steady-state>,2015-04-19 09:11:33.393,,6,100,2,3
5190,4428,<microeconomics>,2015-04-19 12:44:54.043,,1,8530,1,4
5193,43,<macroeconomics><reference-request><labor-economics><unemployment><empirical-evidence>,2015-04-19 14:03:55.680,,4,121,1,1
5195,4253,<microeconomics><preferences>,2015-04-19 14:44:58.503,5196,2,664,1,0
5197,4475,<macroeconomics><currency><exchange-rates>,2015-04-19 20:10:06.970,12866,2,300,1,2
5198,4476,<international-economics><political-economy>,2015-04-19 22:23:11.627,,2,30,0,2
5199,96,<asset-pricing><investment>,2015-04-19 22:38:28.190,,6,74,1,2
5203,4480,<contract-theory><principal-agent>,2015-04-20 00:53:14.377,,0,227,0,4
5204,2679,<elasticity>,2015-04-20 02:40:16.457,5213,3,4237,2,0
5206,4345,<macroeconomics><microeconomics><economic-growth><welfare>,2015-04-20 04:52:37.597,,7,635,2,2
5208,4345,<macroeconomics><natural-rate-unemployment>,2015-04-20 07:09:38.030,5223,6,4514,3,0
5211,100,<monetary-policy><fiscal-policy><government>,2015-04-20 13:30:37.357,5212,8,444,2,1
5214,2879,<macroeconomics><currency><stock-market><balance-of-trade>,2015-04-20 14:34:46.990,5216,2,737,2,0
5215,4484,<mathematical-economics><optimization>,2015-04-20 15:10:07.963,,2,1363,0,4
5217,4485,<econometrics>,2015-04-20 16:20:07.167,5219,2,562,1,0
5218,4486,<microeconomics><game-theory><mechanism-design><profit-maximization>,2015-04-20 16:49:43.603,,11,270,1,2
5220,2879,<reference-request><deflation>,2015-04-20 17:15:10.460,,3,244,2,2
5222,2879,<monetary-policy><federal-reserve>,2015-04-20 18:42:19.837,5224,3,164,1,1
5226,127,<microeconomics><econometrics><mathematical-economics><consumer-theory>,2015-04-20 22:16:58.223,5228,3,1276,2,0
5229,4490,<inflation>,2015-04-21 00:11:12.013,,6,1825,2,0
5230,4493,<mathematical-economics><economic-growth>,2015-04-21 01:00:27.857,5287,6,148,1,1
5233,4496,<microeconomics><consumer-theory>,2015-04-21 06:55:56.760,,2,774,1,0
5235,4497,<productivity>,2015-04-21 08:10:10.623,,2,66,2,2
5237,4253,<microeconomics><utility><preferences>,2015-04-21 11:05:32.230,5239,3,2577,3,3
5244,9,<game-theory>,2015-04-21 15:50:13.820,,7,2545,2,0
5245,43,<macroeconomics><labor-economics><unemployment>,2015-04-21 15:54:08.233,,1,319,1,1
5249,4201,<game-theory>,2015-04-21 21:04:25.633,5250,2,400,1,3
5257,4507,<macroeconomics><reference-request><currency><monetary-policy>,2015-04-22 16:17:43.217,,3,178,2,1
5258,4503,<simulations>,2015-04-22 16:30:17.580,5277,6,308,1,6
5261,108,<finance><law>,2015-04-22 18:51:07.387,5263,4,47,1,0
5262,4201,<game-theory>,2015-04-22 20:13:56.873,5264,3,126,1,0
5266,43,<macroeconomics><mathematical-economics><price-theory>,2015-04-22 21:09:55.153,5268,1,47,1,1
5267,43,<microeconomics><preferences>,2015-04-22 21:24:23.910,,8,3025,2,0
5269,4510,<microeconomics>,2015-04-22 21:59:34.153,,2,661,2,1
5271,2679,<consumer-theory>,2015-04-22 23:25:31.003,,2,420,1,0
5275,4513,<macroeconomics><reference-request><development-economics>,2015-04-23 06:43:03.900,,1,27,0,0
5276,118,<microeconomics><development><institutions>,2015-04-23 09:42:32.613,5283,3,100,3,0
5278,2879,<currency><commodities>,2015-04-23 14:58:42.533,,4,382,1,2
5284,73,<game-theory><reference-request><uncertainty>,2015-04-23 20:23:27.833,,12,278,2,0
5285,4515,<game-theory><bayesian-game>,2015-04-23 20:27:40.463,,8,871,1,11
5286,4201,<game-theory>,2015-04-23 21:59:24.173,,3,233,1,5
5288,2748,<macroeconomics>,2015-04-24 01:59:43.670,5296,3,443,1,0
5300,4520,<money>,2015-04-24 19:22:09.200,,10,1488,3,0
5303,4518,<markets><housing>,2015-04-24 21:48:18.470,,2,93,0,1
5304,4447,<microeconomics><utility><expected-utility><risk-aversion><social-choice>,2015-04-25 14:50:04.353,,5,1076,3,0
5305,118,<macroeconomics><microeconomics>,2015-04-25 15:42:19.227,,38,2841,7,4
5307,4447,<production-function><productivity><inequality><capital-structure><capital-returns>,2015-04-25 16:18:36.023,,4,238,1,0
5308,4447,<risk><banking>,2015-04-25 16:48:07.180,,8,1155,2,0
5316,4440,<portfolio-theory><complete-markets>,2015-04-25 23:57:11.253,5398,3,58,1,2
5320,4523,<risk-aversion>,2015-04-26 11:08:02.320,5338,3,3198,1,0
5322,4526,<investment><optimization><linear-programming>,2015-04-26 13:32:26.697,,3,61,0,3
5323,4264,<macroeconomics><statistics>,2015-04-26 17:14:56.960,5329,1,616,1,1
5324,4527,<macroeconomics><keynes>,2015-04-26 18:23:38.147,,1,2240,0,4
5326,2679,<consumer-theory>,2015-04-26 19:28:16.743,,1,1615,1,0
5327,4193,<software><r><stata>,2015-04-26 20:18:47.600,,12,761,4,6
5333,4528,<macroeconomics><surplus>,2015-04-26 23:28:55.657,5704,17,4334,3,3
5334,2679,<microeconomics><consumer-theory><cobb-douglas>,2015-04-27 07:09:04.960,5336,2,8254,2,0
5335,4531,<macroeconomics><government-spending>,2015-04-27 08:58:20.307,,4,43942,4,2
5340,2679,<microeconomics>,2015-04-27 13:59:07.050,5467,10,8610,2,1
5342,4536,<central-banking>,2015-04-27 15:44:14.357,,10,1895,3,2
5345,4264,<macroeconomics><data-request><statistics>,2015-04-27 19:38:18.123,5348,6,87,2,2
5350,96,<welfare-economics><development-economics>,2015-04-27 22:11:27.480,,4,87,2,2
5352,1413,<economic-growth><technology>,2015-04-28 00:06:11.553,5379,5,144,2,0
5357,2679,<consumer-theory>,2015-04-28 04:12:44.577,5636,8,4343,3,2
5359,4542,<microeconomics><public-economics>,2015-04-28 08:40:29.373,5416,3,584,1,0
5363,2938,<macroeconomics><economic-growth><development><poverty><institutions>,2015-04-28 11:05:54.610,5406,8,449,2,4
5366,4485,<microeconomics>,2015-04-28 11:54:10.870,,3,638,2,0
5368,4544,<macroeconomics><economic-growth>,2015-04-28 12:31:49.980,,2,107,2,0
5369,4408,<productivity><social-choice><software>,2015-04-28 13:17:52.513,,10,317,2,4
5370,4548,<macroeconomics><general-equilibrium><competitive-equilibrium>,2015-04-28 14:22:17.717,,2,694,1,1
5374,4551,<macroeconomics>,2015-04-28 22:30:43.103,5375,5,11615,1,0
5376,2679,<consumer-theory>,2015-04-29 02:26:38.433,,2,59,2,0
5380,2679,<consumer-theory><academic-graduate>,2015-04-29 04:24:45.120,5383,3,510,2,0
5381,4554,<finance><utility><portfolio-theory>,2015-04-29 05:24:33.490,,3,472,2,0
5384,4264,<reference-request><government>,2015-04-29 10:08:11.603,,1,49,0,0
5385,4555,<microeconomics><general-equilibrium><pareto-efficiency>,2015-04-29 10:24:04.850,,6,703,2,0
5388,4542,<macroeconomics><microeconomics><supply-and-demand>,2015-04-29 12:27:57.267,,1,500,1,0
5392,43,<econometrics><academic-graduate><elasticity><empirical-methods>,2015-04-29 17:42:02.430,5393,5,332,1,0
5394,95,<reference-request><gdp><national-accounts>,2015-04-29 18:30:19.370,5396,2,73,2,2
5395,4440,<exchange-rates><international-economics>,2015-04-29 19:00:58.450,5464,5,127,1,0
5399,4558,<currency><stock-market>,2015-04-29 22:12:10.927,,3,1198,4,0
5400,59,<taxation><mechanism-design><optimal-taxation><asymmetric-information>,2015-04-30 05:42:48.080,5403,3,85,2,0
5401,73,<econometrics>,2015-04-30 07:37:55.997,,2,79,0,0
5404,4560,<consumer-theory>,2015-04-30 09:44:51.140,,3,8724,1,3
5407,4551,<macroeconomics>,2015-04-30 12:33:09.473,,2,171,2,0
5411,4569,<regression><time-series><autoregressive>,2015-04-30 15:50:30.720,,2,243,2,3
5415,4560,<microeconomics><consumer-theory>,2015-04-30 16:57:59.717,,3,2013,1,7
5423,4548,<macroeconomics><general-equilibrium>,2015-04-30 21:40:36.443,,2,232,1,0
5427,2797,<macroeconomics><gdp>,2015-05-01 00:55:07.753,,1,46,0,3
5428,4234,<software><stata><r>,2015-05-01 01:35:21.023,5430,6,819,2,1
5431,385,<reference-request><social-welfare>,2015-05-01 08:34:27.953,5433,8,95,1,0
5432,4542,<microeconomics>,2015-05-01 10:36:37.597,5434,1,918,1,1
5435,43,<macroeconomics><labor-economics><unemployment>,2015-05-01 13:38:34.473,,1,44,1,1
5436,2674,<finance><reference-request><financial-markets><commodities><agriculture>,2015-05-01 15:52:08.843,,6,58,0,5
5441,1533,<macroeconomics><inequality><wages>,2015-05-01 18:04:07.347,5444,9,352,3,1
5442,4570,<microeconomics><elasticity>,2015-05-01 18:18:33.200,5477,6,431,1,8
5445,2679,<consumer-theory><academic-graduate>,2015-05-01 20:59:00.993,5463,4,163,1,2
5448,4572,<data-request><international-trade>,2015-05-02 00:50:04.613,,9,171,2,4
5449,4560,<microeconomics><consumer-theory>,2015-05-02 03:21:11.843,,2,3353,2,0
5452,4560,<microeconomics><game-theory><asymmetric-information>,2015-05-02 06:00:44.733,5454,5,503,1,11
5455,73,<game-theory><bayesian-game>,2015-05-02 15:55:18.783,,3,253,1,0
5456,73,<reference-request><stochastic-processes><continuous-time>,2015-05-02 16:17:57.693,5457,7,255,2,0
5459,4515,<game-theory><academic-graduate><bayesian-game>,2015-05-02 20:32:57.773,5460,9,1180,1,2
5468,2679,<consumer-theory>,2015-05-03 05:24:13.790,5472,6,6697,2,4
5469,,<finance><asset-pricing><corporate-finance>,2015-05-03 06:23:59.240,,2,242,2,3
5473,4575,<macroeconomics><gdp><empirical-evidence><economic-measurement><national-accounts>,2015-05-03 13:47:24.310,,3,130,1,1
5475,4560,<microeconomics>,2015-05-03 15:37:21.193,,1,285,0,4
5479,4306,<welfare><poverty>,2015-05-03 21:09:19.790,5480,2,123,2,7
5481,207,<macroeconomics><mathematical-economics>,2015-05-03 23:51:58.793,5504,3,131,1,0
5483,4483,<labor-economics><unemployment><migration><remittance>,2015-05-04 07:37:06.037,,-1,269,2,3
5484,4580,<currency><money>,2015-05-04 10:26:22.353,5500,2,460,1,3
5485,4345,<microeconomics><preferences>,2015-05-04 10:49:45.127,,4,2911,1,1
5488,73,<game-theory><dynamic-games>,2015-05-04 12:02:52.750,5510,9,313,1,0
5489,4581,<currency><government-debt><central-banking><commodities>,2015-05-04 13:17:33.057,5491,13,6915,4,0
5490,4582,<econometrics><time-series>,2015-05-04 14:58:45.497,5492,4,96,1,1
5494,4585,<energy-economics>,2015-05-04 19:35:21.423,,3,51,1,0
5495,4586,<consumer-theory><risk><financial-markets><uncertainty>,2015-05-04 19:52:05.210,,2,372,0,4
5496,4515,<game-theory><academic-graduate><bayesian-game>,2015-05-04 20:12:08.270,,1,291,0,3
5497,4587,<asset-pricing><asset-prices>,2015-05-04 21:17:13.583,5498,3,134,1,2
5502,95,<econometrics><mathematical-economics><reference-request>,2015-05-05 02:59:01.037,,2,194,0,5
5505,4306,<inequality>,2015-05-05 04:45:24.930,,0,92,2,1
5508,4595,<social-welfare><inequality><r><ranking>,2015-05-05 14:20:47.277,,4,58,0,0
5511,4596,<macroeconomics><keynesian-economics>,2015-05-05 15:15:32.037,,2,465,0,1
5516,2674,<currency><supply-and-demand><commodities><agriculture>,2015-05-05 22:57:30.060,,3,107,2,2
5517,2679,<elasticity>,2015-05-06 03:14:16.500,5518,14,11350,1,0
5522,4551,<macroeconomics>,2015-05-06 14:45:37.550,5523,1,182,2,0
5525,48,<game-theory><nash-equilibrium><cooperative-game-theory>,2015-05-06 15:40:21.847,5705,6,668,1,10
5526,4601,<price-level><commodities>,2015-05-06 15:54:11.580,,4,680,2,0
5529,4604,<decision-theory>,2015-05-06 16:57:11.140,,1,47,0,3
5532,2879,<government-debt><international-economics><bonds><china>,2015-05-06 18:27:24.617,,13,1214,3,7
5536,4609,<microeconomics>,2015-05-07 00:03:33.160,,2,1851,1,1
5539,4447,<exchange-rates><money-supply><price-level><cryptocurrency><bitcoin>,2015-05-07 02:05:48.300,,8,340,3,16
5541,4515,<finance><time-series>,2015-05-07 10:16:19.860,,2,133,1,1
5548,43,<search-and-matching>,2015-05-07 15:46:36.497,,9,214,1,2
5549,4551,<macroeconomics>,2015-05-07 15:59:09.207,5554,1,195,1,7
5550,4551,<macroeconomics>,2015-05-07 17:19:11.327,,1,931,0,0
5551,4551,<macroeconomics>,2015-05-07 17:22:38.707,,2,1187,2,4
5552,1505,<microeconomics><game-theory><markets><monopoly><competition>,2015-05-07 18:27:52.080,5594,7,1194,1,5
5557,18,<interest-rate>,2015-05-07 19:59:04.043,,9,9418,2,3
5561,2679,<consumer-theory>,2015-05-08 01:15:20.637,5572,5,182,1,4
5563,4619,<microeconomics><utility><consumer-theory><loss-aversion>,2015-05-08 09:59:43.723,5658,6,231,1,0
5564,43,<mathematical-economics><continuous-time>,2015-05-08 13:44:21.713,5569,1,59,1,3
5565,1601,<game-theory><reference-request>,2015-05-08 14:22:00.000,5925,9,243,1,5
5566,1601,<game-theory>,2015-05-08 14:29:31.107,5567,8,570,2,4
5571,43,<mathematical-economics><continuous-time>,2015-05-08 19:46:55.803,,7,290,1,10
5575,127,<microeconomics><labor-economics>,2015-05-09 03:29:30.737,8565,5,534,1,2
5580,4627,<macroeconomics><financial-economics><investment><capital-returns><credit-friction>,2015-05-09 08:18:08.697,,3,72,1,1
5581,4628,<game-theory>,2015-05-09 11:10:54.417,,2,69,2,6
5584,4629,<macroeconomics><interest-rate><reference-request><financial-crises><economic-growth>,2015-05-09 17:15:49.213,,13,3690,2,11
5585,4631,<microeconomics><bounded-rationality>,2015-05-09 22:49:55.807,,2,82,1,9
5587,4633,<inflation><gdp><exchange-rates><base-year>,2015-05-10 11:26:28.977,,3,307,1,0
5588,4497,<macroeconomics><reference-request><labor-economics><productivity>,2015-05-10 12:37:57.933,,1,147,1,0
5590,43,<econometrics><nonparametrics>,2015-05-10 13:16:47.053,,4,121,1,1
5593,4634,<gdp><debt>,2015-05-10 14:58:50.943,,2,100,0,1
5596,2679,<consumer-theory>,2015-05-10 18:15:41.543,5637,4,469,2,0
5601,207,<taxation><cost><adjustment-costs>,2015-05-10 21:00:10.273,5609,1,60,1,0
5605,4126,<finance><asset-pricing>,2015-05-11 03:00:34.160,5610,1,77,1,0
5607,2679,<consumer-theory>,2015-05-11 06:28:19.693,,2,54,0,3
5612,2707,<value><money>,2015-05-11 15:11:57.717,5613,2,198,1,0
5614,2679,<consumer-theory><perfect-complements>,2015-05-11 20:49:00.153,5618,6,2840,1,4
5615,2679,<consumer-theory><cobb-douglas>,2015-05-11 21:00:35.450,,3,635,2,4
5619,4640,<econometrics><deflation><regression>,2015-05-11 22:39:13.087,5649,3,452,1,3
5625,4643,<labor-economics><reference-request>,2015-05-12 06:27:36.810,5626,6,937,2,8
5627,92,<labor-economics><productivity><software>,2015-05-12 10:32:40.497,,5,142,2,5
5631,2748,<price-level>,2015-05-12 16:31:10.370,5633,2,58,2,0
5635,2679,<consumer-theory>,2015-05-12 23:38:16.097,,6,301,3,8
5638,4653,<macroeconomics>,2015-05-13 06:15:35.817,,0,40612,1,2
5639,4655,<monetary-policy><inflation><quantitative-easing>,2015-05-13 10:44:44.090,5640,6,229,3,0
5643,2829,<finance><debt><investment><accounting>,2015-05-13 12:43:47.430,,0,59,0,2
5645,95,<macroeconomics><reference-request>,2015-05-13 18:01:33.347,5668,2,608,1,0
5650,4659,<game-theory><mathematical-economics><mechanism-design><auctions>,2015-05-14 00:59:24.827,,3,125,3,1
5652,4662,<supply-and-demand><elasticity>,2015-05-14 03:03:50.727,,5,666,2,1
5655,4590,<macroeconomics><markets><theory><investment><consumption>,2015-05-14 06:05:11.070,5660,1,125,1,0
5656,4666,<microeconomics><consumer-theory>,2015-05-14 13:27:20.270,,3,1201,2,0
5659,4668,<econometrics><taxation>,2015-05-14 15:12:45.337,,3,959,2,10
5661,4193,<soft-question><methodology>,2015-05-14 17:50:25.340,,5,172,4,4
5666,4672,<currency><banking>,2015-05-15 00:10:29.273,,2,61,1,2
5667,4590,<money-supply><interest-rate><investment><stock-market><open-economy-macro>,2015-05-15 11:07:01.280,,4,56,0,0
5672,4598,<mathematical-economics><finance><time-series><markets>,2015-05-15 19:56:14.607,,1,45,0,0
5673,4020,<economic-terms>,2015-05-15 20:32:25.750,5675,5,129,1,0
5684,2679,<consumer-theory>,2015-05-17 02:17:18.357,,1,284,1,0
5686,2679,<consumer-theory>,2015-05-17 06:42:32.060,,2,1656,2,0
5688,4687,<finance>,2015-05-17 09:13:08.350,,4,305,0,2
